title,date,num_speakers,content
코로나 대응 및 민생 안정대책 특별위원회(1) 회의,20201202,5,"참석자 1: 질의하실 위원님 계시면 또 발언해 주시기 바라겠습니다.
참석자 2: 네 안녕하세요 서초 제1선거구의 김혜련 의원입니다.
참석자 2: 어 먼저 보건의료과장님 이제 보고 상세하게 해 상세하게 해 주셔서 감사드리구요.
참석자 2: 특별히 이번에 인제 코로나19 대응 상황에서 그 저는 인제 저희 지역에 관련된 사안이어서 되게 인제
참석자 2: 지금 지역에서 긴박하게 돌아가고 있고 또 지역 주민들의 그러한 어 코로나 확산이
참석자 2: 너무나 염려되는 부분에서 굉장히 걱정이 많습니다.
참석자 2: 어 이미 일상 속에서 인제 깊숙이 들어와 있는 코로나19가 어 가까이 저희 집 옆에서 바로 집단으로 이렇게 어 확산이 되고 있어서 걱정인데요.
참석자 2: 특별히 인제 저희 지역 같은 경우에는 어 아마 처음일 거 같은데 어 한 단위 아파트 안에서 어 사우나로 인해서
참석자 2: 어 몇십 명의 인제 그 사우나를 이용하는 지역 주민들이 계속 인제 어 엄청난 그 감염이 이루어졌고요.
참석자 2: 또 저는 인제 미리 쫌 이것 때문에 인지 보고를 좀 받 보고를 받고 제가 이동형 선제 검사소를 요청도 했었거든요 그래서
참석자 2: 그래서 그러한 대응에서 앞으로도 인제 이 어 어 아파트 어 한 아파트 동 단위가 저희 아파트 같은 경우에는
참석자 2: 굉장히 커서 3400세대에 12000명 뭐 이 정도의 주민 속에서 이루어진 그
참석자 2: 어 주민들 간의 확산이거든요 이래서 이러한 부분에서 앞으로 어 보건의료정책과에서는 어떻게 대응할 것인지
참석자 2: 그런 부분과 또 이렇게 어 지금 계속 확산 추세에 있는 이런 부분들을 어떻게 관리하실 건지 인제 그런 부분들이 좀 궁금하구요.
참석자 2: 어 먼저 답을 듣고 하까요 네.
참석자 3: 네 위원님께 좀 많이 음 염려하시는 것도 이해가 되구요 저희들도 나름대로 뭐 최선을 다하고 있긴 합니다.
참석자 3: 일단 그 선제검사 관련해서는 지난주 그 서초구청하고를 요
참석자 2: 보건소장이 없어요.
참석자 3: 예 알고 있습니다.
참석자 2: 그래서 보건소장이 없는 가운데서 그날 그 환자가 나온 날 직원들이 다 다 퇴근해 버린 거예요.
참석자 2: 그래서 지역 주민들이 어 제게 막 전화가 와가주구 그날 이제 굉장히 항의가 많았어요.
참석자 2: 그런데 인제 어 보건의료정책과에서 실질적으로 시의회와 소통하는 그런 면이 뭐 저기 보건복지위원회 외에는 없었던 거 같애요.
참석자 2: 여기 강서구에도 그렇고 각 인제 구마다 굉장한 환자가 인제 일상 속에서 막 일어나고 있잖아요.
참석자 2: 그랬을 때에 그 의 해당하는 의원께는 그래도 보고해 주시고 같이 대응을 논의해 줬으면 좋겠다 그런 생각이 들었는데 저희 같은 경우에 보건소장도 없는 가운데서
참석자 2: 이러한 일이 벌어지고 어 구청에서도 저희에게 보고하지 않잖아요 시의원에게는
참석자 2: 그래서 그런 점이 이게 아쉬웠거든요 그래서 앞으로 이렇게 어 각 지역에서 산발적으로 계속 일어나는 그런 거에는 어떻게 대응을 하실 하실 건지
참석자 2: 그 시의회와 어떻게 소통하실 건지 이런 부분들을 오늘 인제 코로나 이 포스트 코로나 특별위원회에서 이야기하게 된 걸 정말 다행이라고 생각을 하구요.
참석자 2: 또 대책도 이야기해 주셨으면 좋겠습니다.
참석자 3: 예 고 서초구 건 관련해선 저희들이 금요일 날 늦게 사실은 저희 보건 서초구 보건소하고 이야기를 해서 선제검사를 토요일 날하고 일요일 날 이틀 했습니다.
참석자 3: 이제 했는데 그가 대단위 아파트라고 해서 인제 저희들이 꽤 많은 인원들이 좀 왔으면 이라고 생각을 했는데 사실은 그때 이틀 동안 온 인원이 한 390명 정도 검사를 받으셨구요.
참석자 2: 네네.
참석자 3: 그중에 또 4명이 또 또 확진자가 나왔습니
참석자 2: 네.
참석자 3: 그 인제 그러고 난 뒤에 지금 어제오늘 이 이틀 인제 걸친 상황인데 지금 이후에도 일단 뭐 서초구
참석자 3: 그 딴에서 움직이는 것 그 예를 들면 선별검사라든가 이런 것들 관련해서 저희들이 요청이 오면 저희들이 언제든지 뭐 이거 관련해 가지곤 더 선제검사를 할 생각은 있구요.
참석자 3: 다만 인제 아까 의원님께서 인제 구 뭐 상임위 아닌 상임위 아닌 그 일반 의원님들하고의 그 소통 문제를 말씀하셨는데 그게 좀 저희들이 참 힘듭니다 왜냐하면은
참석자 3: 아까 표에서 보시는 바와 같이 25개 자치구가 다 걸려 있습니다.
참석자 2: 네네.
참석자 3: 그러면 사실은 저희들 100분이 넘는 의원님들한테 다 찾아가야 된다는 이야기가 돼 버리는 상황이라 고 부분은 좀 양해를 좀 해 주셨으면 좋겠습니다.
참석자 3: 근데 이게 계기가 발생이 되면 언제든지 저희들이 나와서 이렇게 설명을 드리고 그런데 어떤 상황인지를 말씀을 드릴 수 있는데
참석자 3: 고 상황 상황에서는 저희들이 좀 대응하기에 급박한 그런 측면은 좀 있습니다 그래서 고 부분은
참석자 3: 물론 이제 저희들 상임위 같은 경우는 저 따로 문자론 보내드리고 있는데 그렇게 자세히 저희 상임위조차도 자세하게 보고를 못 드리는 상황이거든요.
참석자 2: 공공의료 재단에서 취합하는 그런 그 재난에 대한 그 그 데이터가 있잖아요 지금 그걸 다 취합해서
참석자 2: 서울시청 홈페이지에 이제 게재를 하고 있기 때문에 그 정도는 다 볼 수 있는 체계를 좀 갖추셨으면 좋겠구요.
참석자 3: 알겠습니다.
참석자 2: 그거 보시고 더 대응에 발 빠르게 하실 수 있을 거 같습니다 그렇게 해 주셨으면 좋겠고요.
참석자 3: 예예.
참석자 2: 네 그리고 인제 그 지역에서 감염이 언 어 집단으로 일어날 경우에는요 선별 그 이동형 선별진료소
참석자 2: 좀 빠르게 좀 어 배치해 주시면
참석자 2: 에 어 실장님에게도 질의가 있어서요.
참석자 4: 예.
참석자 2: 에 그리고 지금 어 어디지 어 지금 보면 여기 보고서 53쪽인데요 지하 상 지하도 상가
참석자 2: 소상공인 지원금이 인제 올 12월까지로 지금 인제 재난 그 임대료 감면이 들어가 있잖아요?
참석자 4: 네 맞습니다.
참석자 2: 그러면 내년에 이 지금 2.5단계 거의 인제 모든 상가도 일찍 문 닫고 거의 사람들의 왕래라든가 이런 모든 게 다 끊겼잖아요?
참석자 2: 그러고 보니까 저희 지역 같은 경우에는 고속터미널 지하상가가 가장 큰 피해를 입어서 그 이슈의 아주 가장 정점에 있다고도 볼 수가 있는데요.
참석자 2: 내년에는 이 부분을 어떻게 하실 건지 예산에서 이번에 이런 부분이 다루 다루어졌냐 구요.
참석자 4: 아 요것은 예산에서 다뤼진게 아니구요.
참석자 2: 네네.
참석자 4: 저희들이 그 점포로부터 저 임대료를 받게 된 것을 감면을 해 주는 식으로 해서
참석자 2: 네.
참석자 4: 또는 관리비도
참석자 2: 네.
참석자 4: 에 감면해 주는 식으로 지금 이렇게
참석자 4: 단지 지하도 상가뿐만 아니라
참석자 2: 네네.
참석자 4: 에 어 여러 그 지하철에 있는 그 상가와도 관련이 있고
참석자 2: 그렇죠 예
참석자 4: 또 여러 소상공인 지원대책하고도 관련이 있어서 포괄적으로
참석자 2: 네.
참석자 4: 종합적으로 검토해야 될 사항이기 때문에요.
참석자 2: 검토하시고는 계신가
참석자 4: 현재로서는
참석자 2: 네.
참석자 4: 예 현재로서는 그 저희들이 여러 의견을
참석자 2: 네.
참석자 4: 지금 듣고 있는 중입니다.
참석자 2: 네 실장님 제가 생각할 때는 이 2.5단계가 계속 지속이 된다고 하면 12월까지로 지금 되어 있잖아요.
참석자 2: 또 지금부터 준비한다고 해도 이어지지가 않거든요.
참석자 2: 그래서 아마 좀 어 고민해 주시고 내년에 이어서 좀 안정이 될 때까지 어
참석자 2: 전반기에 했던 것처럼 같은 어 방법으로 또 감면이 들어가야 된다라고 보거든요.
참석자 2: 그 부분도 좀 고려해 주십쇼.
참석자 4: 뭐 종합적으로 타 상공인 지 소상공인들 하고의 어 대책과 같이 병행해서 검토를 하겠습
참석자 2: 그 부분 고려하시는 그 부분 계획하시는 부분을 또 좀 보고도 받고 싶고 나중에도 알려 주시기 바랍니다.
참석자 4: 알겠습니다.
참석자 2: 네.
참석자 2: 이번에 수능 이제 자가격리하는 학생들 또 그다음에 예상치 않은 현장에서 또 아이들이 또 발견될 수도 있잖아요.
참석자 2: 그런 부분까지도 지금 다 계획하고 계신 거죠?
참석자 4: 네 맞습니다.
참석자 4: 네 22개 학교를
참석자 2: 네네.
참석자 4: 네 그 음 당일 날
참석자 2: 네.
참석자 4: 에 발생하는 그 수능생들을 위해서 이 자리도 마련해 놓고 있습니
참석자 2: 아마 인제 약간 이상이 있는 아이들은 오늘 보건소에 가서 그 조사를 하면 오늘 어 오늘 안으로
참석자 2: 그 결과를 알려준다라고 얘기하는데 그런 부분들도 다 조치하셨나요?
참석자 3: 예 저희들 그 확진자가 생기면 저희들 그 남산 생활 치료센터에 60개 정도 병상을 지금 현재 비워놓고 있는 상황이구요.
참석자 2: 네.
참석자 3: 그담에 서울의료원에 한 12개 병상 정도 비워놓고 있는 상황입니다.
참석자 2: 예 왜냐면 재난 인제 안전 안전 그 총괄실장 실장님께 인제 어 다시 부탁드리는 거는
참석자 2: 내일이 가장 그 어려운 그런 시간이잖아요.
참석자 2: 그래서 좀 그런 부분들 안심할 수 있도록 또 같 다 다 같이 신경 써 주셨으면
참석자 4: 네 지금 세밀하게 챙기고 있습니다 저희 시에서
참석자 2: 네 이상입니다.
참석자 5: 뭐 고생 많으신 거는 여러 번 얘길 했고 제가 그동안에 보건복지위에서도 보고를 많이 받았는데 어 안전총괄 실장님한테 먼저 질문드리겠습니다.
참석자 5: 어 이렇게 뉴 보면은 끝없는 사고가 나고 특히 화재 사고 또 끝없는 안전사고가 나는데 여기에 뭐 특별한 대책은 없나요 서울시 입장에서?
참석자 4: 저희들도 어 여러 지금 뭐 시장님 계실 때도 그랬지만 안 계실 때도 지금 유고 상태이지만 우리 서울시가 인자 거대인구가
참석자 4: 에 살고 있고 또 여러 그 인프라 시설들이 노후화돼 있기 때문에 크고 작은 사고 사건들이 많이 발생하고 있습니다.
참석자 4: 다만 얼마나 어 이러한 사고들일 에 발생을 최소화시키고 예방할 수 있는 그러한 데 노력을 하고 있구요.
참석자 4: 저기 소방방재본부와 저희들이 에 유사시에는 합동으로 신속하게 대처할 수 있는 그런 시스템을 마련해 놓고 있구요.
참석자 4: 저희들은 나름대로 안전총괄실에서는 이러한 사고를 최소화할 수 있도록 각종 지하시설물 관리부터 시로 음 시작해서
참석자 4: 지상에 있는 어떤한 어 그런 공공시설물 관리에 철저를 기하고 있습니다.
참석자 5: 어 실장님 고생하시는 거 제가 충분히 알겠는데 어 제가 이제 좀 경력이 독특하다 보니까 자꾸 얘기를 하는데 제가 인제 군인 출신인지 아시죠?
참석자 4: 네 알고 있습니다.
참석자 5: 어 군대생활 31년 하면서 군대에서 안전사고 안 나는 건 아니에요.
참석자 5: 끝없이 나요.
참석자 5: 특히 인제 저 같은 경우는 제가 공수훈련도 받아봤기 때문에 그 특전사에서도 평균 발표가 안 되지만 연간 한 30명씩 사망을 합니다 해요.
참석자 5: 근데 이거 지금 우리나라 이 그 불나는 그 화재 사고하고 그담에 사망사고는 이건 정말 제가 볼 때 대책이 없는 거 같애요.
참석자 5: 그 실장님 책임은 아니지만 우리 전 국민이 어 제가 판단할 때는 안전불감증에 걸려 있습니다.
참석자 5: 설마 내한테서 그런 사고가 나겠느냐.
참석자 5: 옆집에서 화재가 나도 그냥 무방비 상태예요.
참석자 5: 화재 나면 뛰어가서 그냥 방어하는 데 문제는 사망사고가 많다는 거예요.
참석자 5: 이걸 어떻게 대처하실 것인지.
참석자 5: 근데 이게 한두 건이 아니고 없이 그냥 잊어버릴 만하면 또 나고 또 나고 또 나고 하는데 거기에 대한 대책이 너무 미흡한 거 같애서 제가 지적을 하는 거예요.
참석자 5: 실장님이 좀 더 구체적으로 뭐 전 국민을 상대로 해서 안전교육을 하시든지 반복 교육을 하시든지 뭔가 이게 입력이 돼 있어야 돼요.
참석자 5: 근본적으로 길을 걸어가다가 발 한 번 잘못 딱 디디면 넘어지잖아요.
참석자 5: 그러면 골절사고 나요.
참석자 5: 그럼 그 그 골절사고는 노인들 같은 경우는 바로 사망으로 이어져요.
참석자 5: 물론 그것이 개인의 어떤 저거지만 전반적으로 우리나라 국민들은 제가 볼 때는 안전불감증에 걸려 있다고 생각하는데 실장님 생각은 어떠세요?
참석자 4: 저도 그리 김 위원님의 의견에 전적으로 공감하고요.
참석자 5: 네.
참석자 4: 에 대부분의 인명사고 공사장에서랄지 기타 인해서 사망사고 나는 확률이 70퍼센트입니다.
참석자 4: 정말로 뭐 제가 뭐 이 전에 에 도시기반시설본부에 있을 때도 공공 공사장 관리를 해 봤지만 우리가 저 지켜야 할 공사장에서 지켜야 할 안전수칙
참석자 5: 네.
참석자 4: 요런 것만 지키더래도 사고를 예방할 수 있습니다 그러나 점검을 하다 보면은
참석자 4: 정말로 이 안전수칙을 지키지 않거나 정말로 가벼운 데서 예기치 않는 사고가
참석자 4: 그런 사고 대책을 세워서 발표하고 홍보하고 교육한 이후로는 사고율이 굉장히 많이 줄었
참석자 5: 줄어들었어요?
참석자 4: 예.
참석자 5: 최근 한 3년 치 정도만
참석자 4: 네.
참석자 5: 왜 이런 말씀을 드리냐면 저도 이제 이 시의원 생활이 3년 째인데 하다 보니까 제가 보건복지만 계속 이 하게 됐어요 하다 보니까
참석자 5: 그쪽으로 신경 쓰다 이제 테레비를 보면 뭐 사망사고 없는 사회 근데 매주마다 한 20 뭐 10명 미만으로 사망을 해요 끝없이
참석자 5: 근데 이게 대책이 없다 는 거야.
참석자 5: 저는 그것이 답답하다는 거예요.
참석자 4: 그니까 오죽하면은 정부에서도 그 공사장에서 사망사고가 발생하면 중대사고가 발생하면은 그 그 회사 오너 주체 오너 분을
참석자 4: 에 그 이견이 또 있기 때문에 많이 논의 중에 있는 걸로 알고 있습니
참석자 5: 아 그 이견이 있지만 사람이 사망하고 나면 할 말이 없는 거예요.
참석자 5: 우리끼리 말로 죽은 자는 말이 없잖아요.
참석자 5: 그럼 그 저 그 어 노동자가 그 집에서는 가장이고 아들이고 아버지인데 그냥 그 집은 한순간에 무너지잖아요.
참석자 5: 그걸 누가 책임지실 거예요.
참석자 4: 예예.
참석자 5: 그건 정말 제가 인제 살아오면서 굉장히 가슴 답답한 사건 중의 하나인데 어 각별히 우리 실장님이 또 오늘 나오셨으니까 제가 어 당부를 드리는 겁니다.
참석자 5: 네 잘 알겠습니다 그담에 어 공공의료 분야 이거 때문에 제가 또 질문하겠습니다 16페이지를 보면
참석자 5: 어 공공 시립병원 뭐 분야의 유능한 인재 영입을 위한 유인책 있고 유수 인력 양성이 필요하다.
참석자 5: 월급인상이 문제가 아니다 제가 볼 땐 이게 월급인상의 문제가 아닌 거 같습니다.
참석자 5: 제가 인제 보건복지에 있으면서 우리 서울시립병원 12개 그 병원의 노후장비를 제가 다 파악을 했어요.
참석자 5: 예산이 뭐 엄청나게 들어가지만 보통 10년 넘었어요.
참석자 5: 그럼 이 코로나 이 시대에 정말 서울시립병원 12개가 아주 에이급 병원으로 이름이 나 있다면은 사람들이 그걸 이용하겠죠.
참석자 5: 근데 그게 아니잖아요 자
참석자 5: 노후장비가 있어 시설도 부진해 거기다 의사도 질이 좀 떨어져 죄송하지만 이것을 어떻게 하실 건지 좀 답변 좀 해 주세요 네 의료정책과장님
참석자 3: 예 보건의료정책과장입니다.
참석자 5: 뭐 할 말이 없죠?
참석자 3: 예 저기서 바로 답변 만들기가 좀 힘든 그런 문제구요.
참석자 3: 노후장비 문제 관련해가지고는 뭐 저희들 지속적으로 일단 예산 지원하고 있는데 그 고거 하나는 지난번에 저희들
참석자 3: 일단 노후장비를 버리는 게 아니고 예비로 또 가지고 있는 그런 경우도 있어 가지고 뭐 그런 것들을 좀
참석자 5: 근데 이 노후장비 제가 파악한 결과 보통 10년 이상 된 거예요.
참석자 3: 예.
참석자 5: 그러면 저라도 그 서울 시립병원 가서 검사 안 받습니다.
참석자 5: 솔직히 말씀드리면은
참석자 5: 자 장비도 부실해 시설도 낡았어 의료진도 그래 그럼 또 내가 의사 입장에 입장을 바꿔놓으면 봉급이 또 다른 사람보다 적어요 월급이 어
참석자 5: 다른 데는 한 100퍼센트 주는데 시립 병원들은 많으면 한 80퍼센트 정도 되죠?
참석자 3: 예.
참석자 5: 뭐 지금 여 서류에는 70퍼센트가 나왔는데 그건 아닌 거 같고 그렇게 하면은 그게 발전할 수가 없잖아요.
참석자 3: 예.
참석자 5: 그 근본적인 대책을 함 세워보세요.
참석자 3: 예 알겠습니다.
참석자 5: 과장님 수준이 아니지만 우리 서울 시민 1000만 시민이 살아갈 수 있는 가장 중요한 것 중의 하나가 병원 문제인데
참석자 5: 그 병원이 그렇게 어 진짜 일류병원이 아니고 이류병원 같으면 시민들이 그걸 안심하고 이용할 수가 없잖아요.
참석자 5: 물론 그 과장님께서도 뭐 노력하시는지 다 알겠는데 제가 정말 그 12개 병원 그 의료장비를 파악하고 난 다음에 기가 딱 맥히더라고
참석자 5: 야 무슨 서울시립병원이 이 정도냐 어
참석자 5: 이렇게 해서는 서울시민들이 행복할 수가 없잖아요.
참석자 5: 코로나19 때문만 아니고 이거는 진짜 문제가 심각하다고 저는 판단해요.
참석자 5: 그까 저 계획을 세우셔 가지고 제가 또 예결위 또 물론 들어가겠지만 그 장비 교체가 뭐 일이 원 드는 건 아니에요.
참석자 5: 물론 이거하고 연관 없지만은 정말 서울시의 그 예산을 불요불급한 데 쓰지 마시고 꼭 필요한 때 필요한 데 그걸 하시라는 거예요.
참석자 5: 그 말씀을 드리는 거예요 제가 구체적으로 말씀은 안 드리겠습니다.
참석자 5: 근데 정말 예산 낭비가 너무 되고 특히 사회복지 쪽이나 이 의료 쪽으로는 음 열악한데도 불구하고 신경을 안 써요 사람들이 신경을
참석자 5: 그게 우리 뭐 서울시 보건복지위원회 소속에 된 사람만 신경 씁니까 그건 아니잖아요.
"
보건의료 질의 회의,20181129,4,"참석자 1: 의석을 정돈하여 주시기 바랍니다 성원이 되었으므로 제 284회 정례회 보건복지위원회 제 10차 회의를 개의하겠습니다.
참석자 1: 존경하는 보건복지위원회 위원님 여러분 그리고 이 자리에 참석하신 시민 건강 국장 및 어린이 병원장
참석자 1: 은평 병원장 밖 서북 병원장 보건환경 연구원장을 비롯한 관계 공무원과 병원 관계자 여러분 반갑습니다.
참석자 1: 오늘은 재정 조례안 민간 위탁 동의안을 먼저 처리한 후 2019년도 시민 건강국 소관 예산안 및
참석자 1: 기금 운용 계획안을 다시 상정하여 처리하도록 하겠습니다.
참석자 1: 의사일정 제 1항 우리 위원회에 의원님이 대표 발의한 서울특별시 서울형 유급 병가 지원에 관한 조례안을 상정합니다.
참석자 1: 제안 설명은 기 배부해 드린 서면으로 갈음하도록 하겠습니다.
참석자 1: 다음은 수석 전문 위원 검토 보고 순서이나 간담회 과정에서 충분히 논의되었기 때문에 기 배부해 드린 서면으로 갈음하도록 하겠습니다.
참석자 1: 서울특별시의회 회의 규칙 제 54조에 따르면 위원회가 제정 조례안을 심사할 경우 공청회를 개최하여야 하나
참석자 1: 위원회의 의결로 이를 생략할 수 있도록 규정하고 있습니다.
참석자 1: 본 조례안의 경우 제정 과정에서 사전에 충분한 협의를 거쳤고 지난 10월15일
참석자 1: 관련 정책 토론회를 개최한 바 있어 관련 공청회는 생략하고자 하는데 위원님 여러분 이의 없으십니까?
참석자 1: 네 이의가 없으므로 가결되었음을 선포합니다.
참석자 1: 다음은 질의 답변을 진행하도록 하겠습니다 그럼 질의하실 위원님께서는 발언 신청하여 주시길 바랍니다.
참석자 1: 네 발언 신청 해 주시기 바랍니다.
참석자 2: 네 질문은 어제 예산 심의 과정에서 어 했었기 때문에 중복된 질문을 생략하고 마지막으로 하나만 더 확인하겠습니다.
참석자 2: 국장님 서울형 유급 병가 내일 그 사회 보장 심의위원회에서 최종 결정하는 자리가 맞습니까?
참석자 2: 내일 결정 된다고 그렇게 보고를 하셨잖아요 어제요.
참석자 2: 내일 결정되는 거 맞습니까?
참석자 3: 내일 결정되는 것으로 알고 있고요.
참석자 3: 만약에 거기서 그
참석자 2: 내일 결정 안 됩니다.
참석자 2: 국장님 내일 열리는 회의는 사회 보장 신설 변경 협의체 자문 위원회 회의 아닙니까?
참석자 3: 아닙니다.
참석자 2: 자문 위원회 회의입니다.
참석자 2: 국장님 확실하세요?
참석자 2: 내일 그러면은 보건복지부 장관 도장 찍는 승인 납니까?
참석자 3: 거기에 회의에서
참석자 2: 이 알아본 바를 말씀드리겠습니다 내일 열리는 것은 사회 보장 신설 변경 협의체 자문 위원회 회의고 15시에 열립니다.
참석자 2: 서울시가 최종 의견을 자문 위원에게 제시하는 자리 입니다.
참석자 2: 그래서 이 자문 위원회가 서울시의 의견을 들어보고 이견이 있을 경우 이를 토대로 다시 사회보장위원회에 전문 위원회로 회부하게 됩니다.
참석자 2: 그리고 전문 위원회에서 다시 논의를 해보고 이견이 있으면 전체 위원회에 회부가 되고 그렇게 해서 절차를 걸쳐서 최종 장관한테 보고를 하게 되고 승인이 나는 겁니다.
참석자 2: 이런 절차 아십니까?
참석자 3: 저희가 지금 통보받기로는 내일 열리는 회의는 사회 보장 협의회로 되어져 있고요.
참석자 2: 사회보장 신설 변경 협의체 자문 위원 회의 다시 한번 확인해 보십시오.
참석자 3: 확인 해보았습니다 협의체 회의입니다.
참석자 2: 그러면 사회 보장 기본법 시행령 제 16조 제 1항에 따른 사회 보장 제도 신설에 대한 협의 결과가 내일 최종 나온다는 거 맞습니까?
참석자 2: 국장님 지금 발언 책임지셔야 됩니다.
참석자 3: 내일 협의 회의에서 어 의견이 모아지면 어 그 내용을 가지고 협의가 협의가 원만하게 이루어지면
참석자 2: 본 위원이 방금 밝힌 게 절차 틀립니까?
참석자 3: 그 절차는 제가 잘 모르겠습니다마는 내일 열리는 회의는 분명히 자문 위원회가 아니고 협의체 회의입니다.
참석자 3: 그리고 내일 협의체 회의에서 의견이 모아지면 바로 의결이 되어 지는 것으로
참석자 1: 국장님 지금 위원님께서 그렇게 말씀하시니까 뒤에 같이 정확하게 알아보시고 정확한 답변을 해 주시는 게 좋을 것 같습니다.
참석자 3: 저희 아까 중간에도 그런 말씀을 주셔 가지고요 저희들이 확인을 해보았습니다 협의체 회의입니다.
참석자 3: 자문 위원회가 아닙니다.
참석자 2: 저도 확인해 봤습니다.
참석자 2: 담당과장님께
참석자 3: 저희는 통보를
참석자 2: 같은 얘기를 듣고 다 다르게 해석을 하죠?
참석자 2: 그리고 본 의원이 지금 밝힌 그 절차가 있습니까 없습니까?
참석자 2: 보건복지부 장관 최종 승인나기까지 절차가 있습니까 없습니까?
참석자 3: 저희가 지금 그 알고있기로는 자문 여 신설 보장 협의체 회의가 있고요.
참석자 3: 그 협의체 회의에서 어 의견이 모아지면 바로 그 의결 되어지는 절차로 이어지는 것으로 알고있습니다 만약 그때 합의가 안 모아지면 조정 회의로 넘어가는 것으로 되어져 있습니다.
참석자 2: 그렇다면 국장님 어제 저 그 본 의원이 질문했을 때 내일 결정됩니다라고 말씀하시는 게 어페가 있지 않습니까.
참석자 3: 어떤 어페가 있는지 모르겠습니다 저희는 내일 사회 보장 협의 신설 보장 협의체 그 협의 협의체 회의가
참석자 2: 다시 본 의원이 다시 질문 하겠습니다 내일 그럼 협의체 자문 위원 회의던 그냥 회의던 간에 내일 결론이 나면 내일 승인 되는 겁니까 이 제도가?
참석자 3: 도장이 찍혀져 오는 것은 일정하게 시간이 좀 걸려있습니다.
참석자 2: 마치 이 제도가 내일 승인되는 것처럼 발언을 하셨나요?
참석자 3: 어 그거는 이 사회 보장 협의체 회의에서 이 그 의견을 모으기 위해서 여러 가지 그 이 점검 사항이 있습니다.
참석자 3: 그와 관련해서 저희들이 그 컨설팅을 받았고 그리고 저희가 그 내용들을 체크리스트에 맞춰서 저희들이 준비를 잘 해 왔습니다.
참석자 2: 주관적인 생각이시구요.
참석자 2: 본 의원이 밝히는 거는 규칙에 나와 있는 절차입니다.
참석자 2: 왜 이 규칙에 나와 있는 절차를 위원님들께 정확한 정보를 말씀을 안 하셨습니까?
참석자 3: 그거를 주관적이라고 말씀하시는 것은 그 조금
참석자 2: 뭐가 객관적인 자료가 있습니까.
참석자 3: 저희가 아닙니다 제가 답변을 기회를 주시면 감사하겠습니다 저희들이 이거를 어 협의체 회의를 통과하기 위해서 그 관련 부서하고
참석자 3: 뭐 보건복지부라거나 노동부라거나 계속 협의를 해 왔습니다.
참석자 3: 그리고 그 관계 공무원들이 이 제도에 대해서 어떤 입장을 가지고 있는지
참석자 2: 됐습니다 국장님 충분히 본 의원이 어제 들었구요.
참석자 2: 그렇다면 요청하겠습니다.
참석자 2: 내일 협의체 회의가 끝나는 즉시 저희 의원님들께 협의체 결과를 다 제출해 주시기 바랍니다.
참석자 2: 이상입니다.
참석자 1: 네 수고 하셨습니다 더 질의하실 위원님 계십니까?
참석자 1: 네 더 이상 질의하실 위원님이 안 계시므로 이상 질의 답변을 마치겠습니다.
참석자 1: 의사일정 제 1항 서울특별시 서울형 유급 병가 지원에 관한 조례안을 원안대로 의결하고자 하는데 위원님 여러분 이의 없으십니까?
참석자 1: 네 이의가 아 네 네 말씀해 주십시오.
참석자 2: 본 의원은 다음과 같은 이유로 서울형 유급 병가 조례 제정안을 반대합니다.
참석자 2: 첫째 사회 보장 조정 위원회 최종 결정이 나지 않은 상황에서 조례를 처리한다는 게 맞지 않습니다.
참석자 2: 둘째 제도 시행에 앞서 집행부의 준비 부족이 어제 질문 질문에 대한 답변상 노출됐습니다.
참석자 2: 셋째 시민 여론 조사 등 아직 공론화 과정을 충분히 거치지 않았다는 점입니다.
참석자 2: 넷째 서울시는 대상자를 14000여명으로 예상했지만 실제적으로 그 대상자는 기하급수적으로 늘 수 있다는 점에서 과연 제대로 된 재정 추계가 됐는지에 대한 의문이 있습니다.
참석자 2: 다섯째 보건복지부나 검보 이외에 중복 부정 수급을 방지하기 위해 다른 관계 기관과 협의했다라는 구체적인 협의 내용이 없습니다.
참석자 2: 또 중복 부정 수급에 대한 충분한 대책을 갖고 있다고 판단하기 어렵습니다.
참석자 2: 이상 이런 이유로 반대를 합니다만 나머지 더 자세한 반대 이유가 있습니다.
참석자 2: 이 부분은 시간관계상 서면으로 제출하겠습니다.
참석자 2: 따라서 본 의원은 이 조례를 반대 반대하는데 충분한 논의와 숙고를 통해서 제발 다음 세대까지 이어지는 지속 가능한 복지 정책을 마련하기 위해서
참석자 2: 우리 존경하는 의원님들의 신중한 판단을 부탁드립니다.
참석자 2: 이상입니다.
참석자 1: 네 수고하셨습니다 그러면 반대 의견이 나왔습니다.
참석자 1: 그러면 서울특별시 서울형 유급 병가 지원에 관한 조례안에 대하여 표결할 것을 선포합니다.
참석자 1: 표결 방법은 거수 투표로 진행하겠습니다 먼저 원안에 대하여 찬성하시는 위원님께서는 거수하여 주시기 바랍니다.
참석자 1: 네 내려주십시오.
참석자 1: 다음은 어 반대하는 위원님께서는 거수하여 주시기 바랍니다.
참석자 1: 네 내려주십시오.
참석자 1: 그러면 표결 결과를 말씀드리겠습니다.
참석자 1: 재석 의원 9명 중 9명 중 찬성 8명 반대 1명으로
참석자 1: 의사 일정 제 1항 서울특별시 서울형 유급 병가 지원에 관한 조례안을 원안대로 가결되었음을 선포합니다.
참석자 1: 의사 일정 제 2항 서울특별시장이 제출한 서울시 정신건강 복지센터 운영 민간 위탁 동의안 의사 일정 제 3항
참석자 1: 서울특별시장이 제출한 서울특별시 광역치매 센터 민간 위탁 동의안을 일괄 상정합니다.
참석자 1: 제안 설명과 검토 보고 질의 답변은 어제 실시된 정례회 제 9차 회의와 사전 간담회를 통해 충분히 논의되었으므로 생략하도록 하겠습니다.
참석자 1: 그럼 안건들에 대한 의결을 하도록 하겠습니다.
참석자 1: 의사 일정 제 2항 서울시 건강 정신건강 복지센터 운영 민간 위탁 동의안을 원안대로 의결하고자 하는데 위원님 여러분 이의 없으십니까?
참석자 1: 네 이의가 없으므로 가결되었음을 선포합니다.
참석자 1: 의사 일정 제 3항 서울특별시 광역치매 센터 민간 위탁 동의안을 원안대로 의결하고자 하는데 위원님 여러분 이의 없으십니까?
참석자 1: 이의가 없으므로 가결되었음을 선포합니다.
참석자 1: 의사 일정 제 4항 2019년도 시민 건강국 소관 예산안 및 기금 운용 계획안을 상정합니다.
참석자 1: 간담회에서 위원님들과 2019년도 시민 건강국 소관 예산안 및 기금 운용 계획안에 대하여 심도 있게 논의한 결과 수정안을 발의하기로 하였습니다.
참석자 1: 어 그러면 위원님께서 수정안에 대하여 제안 설명을 해 주시기 바랍니다.
참석자 4: 네 2019년도 시민 건강국 소관 예산안 및 기금 운용 계획안에 대하여 심의 (()) 위원님들의 지적 내용과 이에 대한 (()) 답변 등을 토대로 심도 있는 계수 조정을 하였습니다.
참석자 4: 그 결과 2019년도 시민 건강국 소관 예산안 및 기금 운용 계획안에 대하여 다음과 같이 수정하기로 의견을 모았습니다.
참석자 4: 우선 일반 회계 세출 예산 가운데 감액 조치가 필요하다고 판단한 예산 사업은 보건환경연구원 청사 시설 유지 관리 사업에서
참석자 4: 시의성이 떨어지는 장비 교체 예산 5억원을 삭감하는 등 총 18개 사업 56억원을 감액하고 다음으로 증액 조치가 필요하다고 판단된 예산 사업은
참석자 4: 공공의료 서비스 질 향상 차원의 의료 장비 교체를 위하여 서울특별시 동부병원 운영 보조 사업을 11억원 증액하기도
참석자 4: 하는 등 총 39개 사업 118억원을 증액하기로 하였습니다.
참석자 4: 또한 세출 예산 중 국비 매칭 사업인 정신건강 증진 시설 기능 보강 예산의 감액에 따라 세입 예산 중 국고보조금 2500만원을 감액하기로 하였습니다.
참석자 4: 자세한 변경내역은 별첨 자료를 참고하여 주시기 바랍니다.
참석자 4: 위원 여러분 논의한 바대로 2019년도 시민 건강국 소관 예산안 및 기금 운용 계획안에 대하여
참석자 4: 말씀드린 증감액 사업 내용과 같이 수정하고 수정안에 따른 세부 항목 조정은 위원장에게 위임하고자 합니다.
참석자 4: 나머지에 대해서는 시장이 제출한 원안대로 가결할 것을 동의합니다.
참석자 4: 이상입니다.
참석자 1: 네 2019년도 시민 건강국 소관 예산안 및 기금 운용 계획안에 대한 위원님의 수정 동의가 있었습니다.
참석자 1: 위원님 수정안에 대하여 재청 있으십니까?
참석자 1: 네 재청하시는 위원님이 계시므로 이영실 위원님이 제안한 수정안을 정식 의제로 상정합니다.
참석자 1: 수정 동의안 의결에 앞서 집행부의 의견을 듣도록 하겠습니다 그럼 시민 건강 국장은 의견을 말씀해 주시기 바랍니다.
참석자 3: 네 위원님들이 그 주신 안대로 소중하고 아껴서 잘 집행하도록 하겠습니다.
참석자 3: 이상입니다.
참석자 3: 그러면 의사 일정 제 4항 2019년도 시민 건강국 소관 예산안 및 기금 운용 계획안에 대하여 수정한 부분은 위원님이 동의안 수정안 대로
참석자 3: 나머지 부분은 서울특별시장이 제출한 원안대로 의결하고자 하는데 위원님 여러분 이의 없으십니까?
참석자 3: 이의가 없으므로 가결되었음을 선포합니다.
참석자 3: 위원님들께서 잘 아시는 바와 같이 서울특별시의회 회의 규칙 제 65조 제 4항에 따르면 예산 결산
참석자 3: 특별위원회는 소관 상임위원회에 예비 심사 내용을 존중하여야 하며 소관 상임위원회에서 삭감한 예출 세출 예산 각 항의
참석자 3: 금액을 증액할 경우에는 소관 상임위원회 동의를 얻어야 한다라고 규정되어 있습니다.
참석자 3: 다만 심사 일정이 촉박하여 별도 상임위원회 회의 개최가 어려운 관계로 상임위원회의 동의 방법을
참석자 3: 위원장 위원장과 부위원장에게 일임하고자 하는데 위원님 여러분 이의 없으십니까?
참석자 3: 이의가 없으므로 상임위원회 동의 방법은 위원장과 부위원장에게 일임하는 것으로 결정되었음을 선포합니다.
참석자 3: 존경하는 위원님 여러분 그리고 시민 건강 국장 및 어린이 위원 어린이 병원장 은평 병원장 서북 병원장
참석자 3: 보건환경 연구원장을 비롯한 관계 공무원과 병원 관계자 여러분 수고 많이 하셨습니다 오늘
참석자 3: 보건복지위원회 회의가 원만하게 진행될 수 있도록 끝까지 자리를 지켜 주신 위원님들께 감사드립니다.
참석자 3: 아직 예결위와 본회의 의결을 통한 절차가 남아 있지만 시민 건강국이 건강국에서 확보된 2019년도 예산 및 기금은
참석자 3: 면밀한 검토와 계획을 통해 효율적으로 집행해 주시기를 바라며 집행이 부진한 사업이 없도록 내년에도 최선을 다해 주시기를 당부드립니다.
참석자 3: 그리고 위원님들께 참고 사항을 말씀드리겠습니다.
참석자 3: 12월17일 월요일 여성 가족 정책실 복지 본부 시민 건강국 소관 안건 심사가 계획되어 있음을 알려드립니다.
참석자 3: 이상으로 오늘 회의를 모두 마치겠습니다.
참석자 3: 산회를 선포합니다.
"
공유재산 관리 계획(1) 회의,20191121,4,"참석자 1: 의석을 정돈해 주시기 바랍니다.
참석자 1: 성원이 되었으므로 제290회 정례회 제2차 행정자치위원회 회의를 개의하겠습니다.
참석자 1: 존경하는 위원님 여러분 안녕하십니까.
참석자 1: 쌀쌀해진 날씨에도 건강한 모습으로 다시 만나 뵙게 되어 반갑습니다.
참석자 1: 정례회가 시작된 이후 행정 사무감사 시정 질문
참석자 1: 예산안 심사 준비된 연일 계속되는 의정 활동에 노고가 많으십니다.
참석자 1: 그리고 이병한 재무국장을 비롯한 관계 공무원 여러분께서도 내년도 예산안 편성과 심사 준비에 수고 많으셨습니다.
참석자 1: 2019년도도 이제 얼마 남지 않았습니다.
참석자 1: 재무국은 서울시 곳간을 책임지고 있는 부서로서
참석자 1: 연초에 계획했던 사업들을 잘 마무리하시고 내년 계획에 또한 철저히 준비하여
참석자 1: 서울시 곳간이 건전하게 관리될 수 있도록 최선을 다해 주시기 바랍니다.
참석자 1: 오늘은 서울특별시 2020년도 정기분 공유 재산 관리 계획안
참석자 1: 2020년도 재무국 소관 예산안 등 안건을 심사할 예정입니다 의원님들께서는
참석자 1: 시민을 대표하여 최선을 다해 안건 심사에 임해 주시기 바라며
참석자 1: 관계 공무원께서는 성실한 자세를 보고와 답변을 해 주시기 바랍니다.
참석자 1: 그러면 의사일정에 들어가도록 하겠습니다.
참석자 1: 의사일정 제1항 서울특별시
참석자 1: 2020년도 정기분 공유 재산 관리 계획안을 상정합니다.
참석자 1: 재무국장 나오셔서 제안 설명해 주시기 바랍니다.
참석자 1: 예 재무 국장 수고하셨습니다.
참석자 1: 다음은 수석 전문 위원 나오셔서 검토 보고해 주시기 바랍니다.
참석자 1: 네 수석 전문 위원 수고하셨습니다.
참석자 1: 이어서 질의답변을 진행토록 하겠습니다 네.
참석자 1: 김옥현 의원님 질의하여 주시기
참석자 2: 질의가 아니라 자료 요구 먼저 좀 하도록 하겠습니다.
참석자 2: 어 김동국 기획관님한테 요구할 건데요.
참석자 2: 일단 신내
참석자 2: 4단지 공공주택지구 관련해서 음
참석자 2: 주민 의견 청취 결과에 여러분들이
참석자 2: 어 의견 청취한 걸 반영했다라고 해가지고 이주 대책 수립
참석자 2: 보상 및 이주 대책 수립하겠음이라고 했는데 반영으로 되어 있습니다 그래서
참석자 2: 이주 대책 수립한 내역 그다음에 보상 방안 등 자료 주시고요.
참석자 2: 그다음에 신내 터널 가는 아이 저기
참석자 2: 신봉터널 상부 공공주택 건립 관련해서
참석자 2: 예 그 터널 건축물 화주 하중 등에 대해서 구조적으로 터널이 안전하다라는 의미로 여러분들이 내부적으로 검토한 자료
참석자 2: 예 그것도 제출해 주시면 감사하겠습니다 예 이상입니다.
참석자 1: 네 김옥현 위원님 수고하셨습니다 다음 이세율 위원님 질의해 주시기 바랍니다.
참석자 3: 예 이세율 위원입니다 음
참석자 3: 교통기획관님 잠깐 발언대로
참석자 3: 교통기획관님 발언대로 잠깐 나와 주시기 바랍니다.
참석자 4: 예 교통기획관 임동국입니다.
참석자 3: 수고많으십니다.
참석자 3: 9호선 전동차 증차에 대해서 여쭤 보겠습니다.
참석자 3: 지금 9호선 전체 혼잡도는 현재 어 몇 프로 정도나 되나요?
참석자 4: 어 현재 기준으로는 급행은 약 170퍼센트 정도 되고요.
참석자 3: 급행이 170프로 예.
참석자 4: 완행은 한 130퍼센트 정도 됩니다.
참석자 3: 130프로요.
참석자 3: 그럼 전체가 그러는데 어 국어 제 최고 혼잡도가 심한 데는 어느 구간에서 어느 구간인가요?
참석자 4: 어 가장 심한 구간은 강서 공항에서 출발해서
참석자 4: 어 여의도 어 여의도까지 오는 구간입니다.
참석자 3: 그럼 지금 이 증설할 날에는 6편성 증설해 달라는 구간이 포함되어 있는 건가요?
참석자 4: 네 네 포함되어 있습니다.
참석자 3: 지금 6량 6편성인데 이게 그러면 일 1편성이 6량 한 36량이 되는 건가요?
참석자 4: 어 어 그렇 예 6량입니다.
참석자 4: 어 한 편성에 6량이 구성이 돼서
참석자 3: 예 그러니까 6편성이면
참석자 4: 예 36량이 도합해서 36량이 됩니다 예.
참석자 3: 그
참석자 3: 18년 12월 9호선 3단계 삼전역에서 중앙보훈병원이 당초 58만 명이었다가
참석자 3: 이용 인원이 66만으로 8만 명이 늘어났어요 그 이유는 왜 그런가요 뭐 이유가
참석자 3: 다양할 수 있겠지만 어 주된 이유는 뭐라고 생각하세요?
참석자 4: 어 3단계 개통이 되면서 승객이 늘어난 이유 이 원인의 하나가 되겠습니다 그다음에는 최근에
참석자 4: 에 김포 골드라인이 개통이 돼서 연결이 되었습니다 그래서 김포공항역에서 환승하는 인원이 그 승객들이 증가한 이유가
참석자 4: 그렇게 지금 판단을 하고 있습니다.
참석자 3: 이게 3단계가 되면서으로 3단계가 대부분 저 이게 개통되면서 늘어난 이유라고 그러는데 그러면 8만
참석자 3: 이게 당초 이렇게 인원이 늘어날고 이런 계획은 염두에 두질 못했나요?
참석자 4: 9호선 최초의 설계 당시에는 4량이였습니다.
참석자 3: 4량이요?
참석자 4: 최초의 설교자는 4량이었는데 어 그동안에 4량으로 운영하다가 혼잡도가
참석자 4: 굉장히 가중돼서 그걸 완화하기 위해서
참석자 4: 어 점진적으로 6량으로 저희가 한 5년에 걸쳐서 증 증량을 시켜왔습니다.
참석자 4: 6량 증량 작업이 최근에 이제
참석자 4: 그 11월 말 30일 부로 마무리가 됩니다.
참석자 3: 그러면 이제 당초
참석자 3: 처음에 될 때 어떻게 계획은 이게
참석자 3: 이용 인원이 증가할 것을 계획을 했던 건데 그렇게 계획을 안 하고 진행한 건가요 어때요 어땠어요?
참석자 4: 어 최초에는 이용 수요를 증가할 거라고 예측은 했습니다 그렇지만
참석자 4: 그때 당시에 비씨 분석당 4량으로 하는 게 경제적 타당성이 맞다고
참석자 4: 분석이 돼서 예 예 경제성 때문에 4량으로 최초에 추진하게 되었습니다.
참석자 3: 그게 지금 이게 6편성은 전 합법 저 증차하는데 이게 22년도에 준공인가요?
참석자 4: 예 예 3년 정도
참석자 3: 예 22년 12월 준공되는 걸로 되어 있네요 22년 12월 준공됐을 때는 그럼
참석자 3: 이 혼잡도는 어떻게 돼요?
참석자 3: 100프로 다
참석자 4: 급행은 한 밴사 130프로로
참석자 4: 저희가 낮아질 것으로 예측하고 있습니다 반면에 이제 완행은
참석자 4: 그보다 더 낮아져서 한 110프로 정도로 낮아질 것으로 예측하고 있어요.
참석자 4: 지금보다 혼잡도는 상당히 완화될 걸로 보고 있습니다.
참석자 4: 다만 저희가 인제
참석자 3: 혼잡도가 완화되지
참석자 3: 뭐 아 이 정도면 전 혼잡 또는 개선이 됐다 할 정도는 아니네요 그래도요 예?
참석자 4: 네 네 그렇긴 합니다만 그래도 평균적으로 저희가 혼잡도가 높으
참석자 4: 높으 높다고 하는 기준은 어 150프로를 저희가 기준으로 보고 있습니다.
참석자 3: 그러면 지금 지금 지하철 각 호선별로 해서
참석자 3: 혼잡도가 최고 높은 게 9호선일 거구요 그렇죠?
참석자 3: 그러면 다음 혼잡도가 높은 데는 어디예요?
참석자 4: 그다음은 어 2호선이 이제 상황에 따라서 다릅니다만
참석자 3: 2호선은 몇 프로나 돼요?
참석자 4: 이 2호선도 한 160프로 70프로 정도 됩니다.
참석자 3: 어 2호선도 많이 높네.
참석자 4: 그 저희가 이제 어 이번 증차를 하게 된 또다른 원인은
참석자 4: 2021년도 22년도에 인제 신림선 그다음에 신안산선
참석자 4: 어 그러한 어떤 지하철 지하철이나 경전철들이 계속해서 9호선하고 연결이 되게 됩니다.
참석자 4: 예 그에 따라서 이제 승객이 증가할 것이라고 예측해서
참석자 3: 기획관님 지금 본 위원이 질의하는 거는 이게 뭐
참석자 3: 맞지 않다 이런 거보다도 이걸 증차했을 때 혼잡도가 진짜 100프로
참석자 3: 만족 시민이 만족할 만큼 달성되냐 안 되냐 이게 궁금해서
참석자 3: 또 그런 쪽을 좀 건의드리고 싶어서 지금 질의를 하는 상황입니다 그래서 그 말씀은 안 드려도
참석자 3: 말 말씀 안 주셔도 되고요.
참석자 3: 아 그래요 여기 좀 계획성 있게 요런 거 증차
참석자 3: 어 그런 것도 좀 해 주셨으면 좋고 요거 입찰 관계는 어떻게 돼요?
참석자 4: 어 입찰은 기본적으로 공개 경쟁을 바탕으로 하고요.
참석자 4: 어 국내업체 뿐만 아니라 국제업체까지 다 참여할 수 있도록 해서
참석자 4: 국제 경쟁 입찰을 하게 됩니다.
참석자 3: 그런데 이게 국제 입찰까지 하는데
참석자 3: 한 회사만 계속 그 계약이 되는 이유는 왜 그런가요?
참석자 4: 어 저희가 그 2015년 이후부터는 그렇지 않습니다 지금은 뭐
참석자 3: 어디 어디 입찰이 됐었죠?
참석자 4: 어 다온시스라든가 우신산전 국내에는 주로 3개 업체가 있는데요.
참석자 4: 어 그 전에는 그 현대로템에서 상당 부분 물량
참석자 3: 현대로템에서만 계약된 걸로 아는데 그렇지 않은가요?
참석자 4: 어 15년 당시에 한 번은 단독 응찰을 한 적이 있습니다 현대로템에서.
참석자 4: 예 그래서 인제 두 차례 유찰이 돼 가지고 현대로템하고 수의 계약한 사례가 있습니다만
참석자 4: 최근에는 거의 그 공개 3개 경쟁 회사가 공개 경쟁을 통해서
참석자 4: 어 낙찰이 되고 있는 상태입니다.
참석자 3: 그래요 심도 있는 계획으로
참석자 3: 시민들이 불편 없이 에 전철을 이용할 수 있도록 만전을 기해 주시기 바랍니다.
참석자 4: 네 알겠습니다.
참석자 3: 다음은 그 시내 버스 차고지에 대해서 여쭤보겠습니다.
참석자 3: 어 이게 지금
참석자 3: 얼마죠 104억 주고 구매한다는 얘기죠?
참석자 4: 예 예 그렇습니다.
참석자 3: 어 구매 목적은 도시계획시설 해제
참석자 3: 요금 민원 때문에 하는 걸 주 목적으로 되어 있네요 그렇죠?
참석자 3: 요게 협의 매입인데 어
참석자 3: 감정은 안 해 본 것이 안 해 보신 거죠?
참석자 4: 예 결정이 되면 이제 감정은 추후에 저희가 시에서 2개 업체
참석자 4: 그리고 소유주가 또 1개 업체 해서 총 3개사가 감정 평가를 하게
참석자 3: 공시 가격은 한 80억 나오는데
참석자 3: 이게 매입은 한 104억 정도 20억이 더 많네요?
참석자 4: 예 이제 감정 평가 금액에 따라서 이제 달라지기 때문에 그렇습니다.
참석자 3: 여기는 지금 뭐로 사용하고 있어요?
참석자 4: 어 현재는 택배 회사가 물류 시설로 지금 사용하고 있습니다.
참석자 3: 그런데 이 택배 회사를 사용하고 있다 나중에 공영차고지 버스로
참석자 3: 아 운영할 때 이게 어때요.
참석자 3: 지역 여건 이런 걸 봐서 가능할 것 같습니까?
"
서울시의회 상임위원회 제291회 임시회 1차 운영위원회 회의,20200221,3,"참석자 1: 의석을 정돈하여 주시기 바랍니다 성원이 되었으므로 제291회 임시회 제1차 운영위원회 회의를 개의하겠습니다.
참석자 1: 존경하는 운영위원회 위원님 여러분 2020년도 첫 번째 운영위원회 회의에 적극 참석하여주셔서 감사합니다.
참석자 1: 다들 아시는 것같이 잠잠해지던 코로나19 확진자 숫자가 코로나19 확진자 숫자가 대구경북에서 급속히
참석자 1: 확산되고 있는 상황입니다.
참석자 1: 다들 어 총선거를 앞두고 지역 주민들과 만남이 많으시리라 생각되는데 더이상 코로나19가 확산되지 않도록
참석자 1: 주민분들에게 예방 수칙을 철저히 안내해 드리고 아울러 위원님 여러분들께서도 건강 유념하시기 바랍니다.
참석자 1: 이청학 사무처장을 비롯한 사무처 관계 공무원 여러분
참석자 1: 건강한 모습으로 다시 만나게 되어 반갑습니다.
참석자 1: 오늘은 의사일정 협의한 한 건과 결의안 두 건 연장안 두 건을 상정하여 처리하겠습니다.
참석자 1: 그럼 오늘의 의사일정을 진행하겠습니다.
참석자 1: 의사일정 제1항 제291회 서울특별시의회 임시회 긴급현안질문 실시 및 의사일정 협의의 건을 상정하겠습니다.
참석자 1: 본 안건은 서울특별시의회 기본 조례 제53조에 따라 김용석 의원 외 11인으로부터 2020년 2월 21일 제291회 임시회 제1차
참석자 1: 본회의 시 서울시장 및 교육감 서울시 교육감을 대상으로 신종 코로나 방역대책 관련 긴급 현안질문 요구가 있어
참석자 1: 의장이 긴급 현안질문 실시 여부 및 제291회 서울특별시의회 임시회 의사일정을 우리 위원회에 협의 요청한 것입니다.
참석자 1: 보다 더 자세한 사항은 의석에 배부해 드린 의사일정안을 참조하여 주시기 바랍니다.
참석자 1: 본 안건에 대해서는 간담회에서 충분한 논의가 있었습니다 또 다른 의견 있으십니까
참석자 1: 의견이 없으므로 의사일정 제1항 제291호의 서울특별시의회 임시회 긴급현안질문 실시 및 의사일정 협의의 건을 원안대로 의결하고자 합니다.
참석자 1: 위원님 여러분 이의 없으십니까
참석자 1: 다음은 의사일정 제2항 서울특별시의회 어 서울교통공사 사장후보자 인사청문회 인사청문특별위원회 구성결의안 및
참석자 1: 의사일정 제3항 서울특별시의회 서울에너지공사 사장 후보자 인사청문 특별위원회 구성결의안 이상 2건을 특별위원회 구성 결의안을 일괄 상정하겠습니다.
참석자 1: 상정된 안건은 서울시의회 차원에서 서울교통공사와 서울 에너지공사 신임사장 임용과 관련하여
참석자 1: 사장 후보자의 경영 능력과 정책 수행 능력 등을 검증하는 인사청문회를 실시하기 위해
참석자 1: 우리 위원회안으로 인사청문특별위원 위원회를 구성하고자 하는 것입니다.
참석자 1: 자세한 사항은 의석에 배부해 드린 안건을 참조하여 주시기 바랍니다.
참석자 1: 상정된 안건에 대해서 간담회에서 충분한 논의가 있었습니다 또 다른 의견 있습니까
참석자 1: 다른 의견이 없으므로 의사일정 제2항 서울특별시의회교통공사 사장 후보자 인사청문 특별위원회 구성결의안 의사일정 제3항
참석자 1: 서울특별시의회 서울에너지공사 사장 후보자 인사 청문 특별위원회 구성 결의안을 원안대로 의결하고자 하는데
참석자 1: 위원님 여러분 이의 없습니까 이의가 없으므로 의사일정 제2항 및 제3항은 원안대로 가결되었음을 선포합니다.
참석자 1: 다음은 의사일정 제4항 서울특별시의회 독도수호특별위원회 활동기간 연장안 및 의사일정 제5항 서울특별시의회
참석자 1: 체육단체 비리근절을 위한 행정사무조사 특별위원회 활동기간 연장안을 일괄 상정하겠습니다.
참석자 1: 상정된 2건의 연장안은
참석자 1: 해당 특별위원회 회의 어 활동기간 종료 예정에 따라 특별위원회를 소관하는 상임위 상임위위원회로부터 활동기간을 연장하는 요청이 있어 우리 위원회안으로
참석자 1: 활동 기간을 6개월 연장하고자 하는 것입니다.
참석자 1: 자세한 사항은 의석에 배부해 드린 안건을 참조하여 주시기 바랍니다.
참석자 1: 상정된 안건에 대해서도 간담회에서 충분한 논의가 있었습니다 논의한 사항 이외에 또 다른 의견 있습니까
참석자 1: 다른 의견이 없으므로 의사일정 제4항 서울특별시의회 독도수호특별위원회 활동기간 연장안 및 의사 일정 제5항
참석자 1: 서울특별시의회 체육단체 비위 근절을 위한 행정사무조사특별위 위원회 활동기간 연장안을
참석자 1: 원안대로 의결하고자 하는데 위원님 여러분 이의 없습니까
참석자 1: 이의가 없으므로 의사일정 제4항 및 제5항은 원안대로 가결되었음을 선포합니다.
참석자 1: 존경하는 어 위원님 여러분 어 혹시 위원님 에 여러분들께서 운영위원회에서 어 의회운영과 아 임시회 개회와 관련해서
참석자 1: 어 지금 현재 에 코로나19 사태와 관련한 특별한 발언하실 의원님 계시면 지금 발언해 주시기 바랍니다.
참석자 1: 혹시 발언 하실 위원님 계십니까
참석자 1: 예 오늘 회의가 원만하게 진행될 수 있도록 여러 위원님들께서 협조해 주신데 감사의 말씀 드립니다
참석자 1: 본 위원장이 아 한 말씀 음 어 첨언하도록 하겠습니다.
참석자 1: 아 국가적인 감염병 사태에 직면해 있습니다 잠잠해질 것으로 기대되던 코로나19 사태가
참석자 1: 아 지역 사회에 확진 환자가 대량으로 발생하면서 전국적으로 어 확산될 조짐을 보이고 있습니다.
참석자 1: 서울시가 특별하게 선제적 조치를 통해서 어 감염병을 굉장히 잘 관리해 왔는데 지금 이후의 사태가 어떻게 발전하고 변모가 될지 모르겠습니다.
참석자 1: 아 이번 코로나일구 확산 사태의 종식을 위해서는 무엇보다도 우리 국민들 또 서울 시민들의 단결된 힘이 필요한 때입니다.
참석자 1: 에 코로나19 감염병과 관련해서 어 차별 그리고 공포 조장 유언비어 어 이런 부분들에 있어서
참석자 1: 혐오 어 이런 부분들에 있어서 우리가 아 지양해야 합니다.
참석자 1: 협력하고 배려하고 함께 힘을 모아서 공동체가 아 함께 극복하는 슬기로운 모습을 보여야 할 것입니다.
참석자 1: 아 그리고 이런 사태의 국가적인 감염병 사태에 직면해서
참석자 1: 어 불필요한 아 책임 전가 그리고 정쟁은 어 삼가해야할 것이라고 생각합니다.
참석자 1: 우리 서울시의회도 아 이러한 정신에 입각해서 최대한 아 행정부와 국민들이 에 코로나 감염병 사태를 극복할 수 있도록
참석자 1: 힘을 모으는데 모든 뒷받침을 다하도록 하겠습니다.
참석자 1: 특별히 서울시의회가 서울시의 행정을 적극 돕기 위해서는
참석자 1: 의사결정 그리고 어 의견 계진 시민들의 의견들을 모아서 전달하는 역할을 해야 하는데
참석자 1: 위원님들 중에 한 분이라도 이 감염병에 노출되었을 경우 의회가
참석자 1: 아 전체적으로 의원님들이 격리되고 의회가 아 전체적으로 올스톱될 가능성도 배제할 수가 없습니다.
참석자 1: 의회는 중요한 의사결정하는 기관으로서 아 위원님들 여러분 각각 개개인의 에 건강에 특별히 유념해 주시기 바랍니다.
참석자 1: 우리 시민들에게 여러분들의 여러 위원님들의 건강을 책임지는 것이 시민들의 건강을 책임진다고 하는 막중한 책임의식을 같이 가지시길 바라며 
참석자 1: 서울시의회에 관련한 관계자 여러분들께서는 의원님들의 의정 활동을 하면서 감염병에 노출되지 않도록
참석자 1: 각별하게 방역관리에 그리고 지원에 철저를 기해 주시기 다시 한번 당부드리겠습니다.
참석자 1: 어
참석자 1: 본 위원장이 말씀을 요 정도도 마무리하고 특별히 우리 운영위원회 부위원장님이신 노승례 부위원장님로서 당부 말씀있겠습니다.
참석자 2: 첨언해서 사무처장님께 부탁의 말씀을 드리도록 하겠습니다.
참석자 2: 어 조금 전에 존경하는 위원장님께서 말씀하셨다시피 저희 의원들은 지역에서 주민 접촉을 하고 있는 상황에서
참석자 2: 부탁의 말씀은 아 우리 그 의원 연구실에 대한 소독을 그러니까 매일매일 가능하면 좀 해줬으면 좋겠다는 생각을 하기도 했고요.
참석자 2: 어제 1층 로비에 보니까 위원회가 많은 민원인들이 와서 그곳에 대기하고 커피도 마시고 이러는 걸 봤습니다.
참석자 2: 어떻게 보면 어 우리가 그 무방비로 노출되는 상황이 될 수 있고 그래서
참석자 2: 어 엘리베이터도 그렇고 어 그다음에 1층 로비 어 그다음에 이동해서 들어오는 입구
참석자 2: 그 다음에 그 ATM기 뭐 이런 데에 대한 소독을 좀 매일매일 철저하게 해 줘서
참석자 2: 그러한 그 불행한 사태가 발생되지 않도록 사무처장님께서 적극적으로 예방에 대해서 대체해달라는 부탁의 말씀을 좀 드리도록 하겠습니다.
참석자 3: 지금 뭐 위원장님 말씀을 주셨고 부위원장님 여러 가지 에 우려의 말씀을 주셨고 실제로 뭐 그런 개연성이 없지 않다고 생각을 합니다 오늘 주신 말씀들
참석자 3: 세부적으로 계획을 세우고 어 실행을 해서 의회에 여러 가지 기능에 차질이 없도록 저희가 최선을 다해서 여러 가지 대비를 하겠다는 말씀을 드리겠습니다.
참석자 3: 예 철저히 하도록 하겠습니다.
참석자 1: 네 다시 한번 어 강조해서 말씀드립니다만 어 국가적으로 뭐 감염병 사태에 직면한 상태에서
참석자 1: 지역적으로는 또 총선거라고 하는 정치적 이벤트가 진행 중에 있습니다.
참석자 1: 우리 서울시 의원님들은 지역에서 수많은 사람들을 만나고 동네 동네 구석구석 다니시는 분들이기 때문에
참석자 1: 혹여나 감염병에 노출이 됐을 경우 슈퍼전파자가 될 개연성이 있습니다.
참석자 1: 아 우리 의원들한테
참석자 1: 어 특혜가 아니라 이런 그 감염병을 차단하는 데 있어서 반드시 필수적인 것이라고 판단이 되기 때문에
참석자 1: 어 의원들의 건강관리 감염병에 대한 철저한 대책 어 개개인이 우선 수칙을 잘 지켜야 할 것이고
참석자 1: 의회에서도 지원에 만전을 기해 주시기를 부탁드리겠습니다.
참석자 1: 아 다음 일정은 3월 5일 10시부터 이곳 회의실에서 상정된 안건 심사 및 소관 기관 업무보고를 받도록 하겠습니다.
참석자 1: 이상으로 제291회 임시회 제1차 운영위원회를 모두 마치겠습니다 산회를 선포합니다.
"
결의안 조례규칙개정안 상정 회의,20170427,3,"참석자 1: 성원이 되었으므로 제273회 임시회 제1차 운영위원회 회의를 개의하겠습니다.
참석자 1: 에 존경하는 선배 동료위원 여러분 에 요즘에 대통령 선거 치르느라 굉장히 바쁘신데도 불구하고
참석자 1: 오늘 회의에 참석하여 주신 데 대해서 진심으로 감사하다는 말씀을 드리겠습니다.
참석자 1: 에 더불어서 우리 김경호 사무처장을 비롯한 관계공무원 여러분 다시 뵙게 되어 반갑습니다.
참석자 1: 오늘 회의 안건은 결의안 한 건 조례규칙개정안 세 건 등 모두 네 건의 안건을 상정하여 처리하도록 하겠습니다.
참석자 1: 그럼 의사일정 제1항 서울특별시의회 지방자치 및 지방분권 실현을 위한 결의안을 상정하도록 하겠습니다.
참석자 1: 본 안건은 신헌철 의원 등 105명의 의원님들이 공동발의한 안건입니다.
참석자 1: 제안설명은 간담회에서 충분히 설명을 드린 바가 있어 배부해 드린 유인물로 갈음하고자 합니다.
참석자 1: 그 본 안건의 검토보고는 간담회에서 우리 전문위원으로부터 위원님들께서 충분히 보고를 받은 바 있기 때문에
참석자 1: 서면으로 갈음하고자 하는데 위원님 여러분 이의 없으시죠?
참석자 1: 자 그럼 이의가 없으므로 보다 더 자세한 사항은 의석에 배부해 드린 검토보고서를 참고해 주시기 바랍니다.
참석자 1: 자 본 안건에 대해서 에 또 다른 의견 혹시 있으십니까?
참석자 1: 자 그럼 의견이 없으므로 의사일정 제1항 서울특별시의회 지방자치 및 지방분권 실현을 위한 결의안을
참석자 1: 원안대로 의결하고자 하는데 위원님 여러분 이의 있으십니까?
참석자 1: 예 이의가 없으므로 의사일정 제1항은 가결되었음을 선포합니다.
참석자 1: 다음으로 의사일정 제2항 서울특별시의회 의원 공무국외활동에 관한 조례 일부개정조례안을 상정하도록 하겠습니다.
참석자 1: 본 안건은 김진철 의원 외 20명의 의원이 발의한 안건입니다.
참석자 1: 제안설명은 간담회에서 충분히 설명드린 바와 같이 배부해 드린 유인물로 갈음하도록 하겠습니다.
참석자 1: 역시 검토보고 어 검토보고도 간담회에서 에 전문위원으로부터 충분히 보고를 받았기 때문에 서면으로 갈음하고자 합니다.
참석자 1: 위원님 여러분 이의 없으시죠?
참석자 1: 자 그럼 이의가 없으므로 본 안건에 대해서 에 처리토록 하겠습니다.
참석자 1: 본 안건에 대해서 다른 의견 없으시죠?
참석자 1: 자 그럼 이견이 없으므로 의사일정 제2항 서울특별시의회 의원 공무국외활동에 관한 조례
참석자 1: 일부개정조례안을 원안대로 의결하고자 하는데 위원님 여러분 이의 없으시죠?
참석자 1: 자 이의가 없으므로 의사일정 제2항은 원안대로 가결되었음을 선포합니다.
참석자 1: 다음으로 의사일정 제3항 제3항 서울특별시의회 기본 조례 일부개정조례안을 상정하도록 하겠습니다.
참석자 1: 본 안건은 조기현 의원이 대표발의한 안건입니다.
참석자 1: 제안설명은 간담회에서 충분히 설명을 드렸기 때문에 배부해 드린 유인물로 갈음하고자 합니다.
참석자 1: 네 검토보고 역시 에 간담회에서 전문위원으로부터 충분히 보고를 받은 바가 있기 때문에
참석자 1: 서면으로 갈음하도록 하겠습니다.
참석자 1: 에 본 안건에 대해서 다른 의견 있으십니까?
참석자 1: 자 다른 의견이 있으시죠?
참석자 1: 다 이견 있지요.
참석자 1: 이게 간담회 석상에서 위원님들의 의견이 예 많았습니다.
참석자 1: 자 이거는 의사일정 제3항 에 간담회에서 여러 의견을 조율한 대로 에 수정안을 에 발의하기로 의견을 모았죠?
참석자 1: 그렇기 때문에 서울특별의회 기본 조례 일부개정조례안은 간담회에서 여러 위원님들과 에 논의한 결과
참석자 1: 수정동의안을 발의하기로 의견을 모았습니다.
참석자 1: 수정동의안을 발의하실 위원님 계시면 말씀하여 주시기 바랍니다.
참석자 2: 네 김기대 위원입니다.
참석자 2: 일부개정조례안에 대한 수정동의안을 말씀드립니다.
참석자 2: 안 제55조 3에 보고 시기가 폐회 중일 때는 의장과 상임위원장에게 우선 보고한 후 다음 회기
참석자 2: 회의에서 안건을 상정하여 보고토록 단서를 신설하고 그밖에 일부 자구를 수정하려는 것입니다.
참석자 2: 보다 자세한 사항은 의석에 배부해 드린 수정안을 참고해 주시고 본 위원의 수정동의안대로 수정해 주실 것을 부탁드립니다.
참석자 1: 자 그러면은 에 우리 김기대 위원님이 제안한 수정동의안에 대하여 수정한 부분은 수정안대로 나머지는 원안대로 의결하고자 합니다.
참석자 1: 위원님 여러분 이의 없으십니까?
참석자 1: 자 이의가 없으므로 의사일정 제3항 서울특별시의회 기본 조례 일부개정조례안은 김기대 위원께서 동의하신 수정안대로 수정가결되었음을 선포합니다.
참석자 1: 에 이어서 어 의사일정 제4항 서울특별시의회 의원 입법정책 연구용역 운영 관리 조례 전부개정조례안을 상정하도록 하겠습니다.
참석자 1: 본 안건은 지난 에 상임위원회에서 어 보류됐다가 다시 논의하게 됐습니다.
참석자 1: 에 채용수 정책위원장 대표발의로 지난 이백 제272회 임시회에 상정되었다가
참석자 1: 제안설명과 검토보고 그리고 위원님들의 토론을 거쳐 추가적인 검토가 필요하다고 판단되어 심사보류된 안건입니다.
참석자 1: 본 안건에 대해서 간담회에서 충분한 논의가 있었습니다.
참석자 1: 하지만은 어 여러 가지 쟁점사안이 많기 때문에 다시 한 번 위원님들께 여쭙겠습니다.
참석자 1: 본 안건에 대해 또 다른 의견 있으시면 말씀하시기 바랍니다.
참석자 1: 자 없으시죠?
참석자 1: 그러면은 에 의사일정 제4항 서울특별시의회 의원 입법 정책 연구용역 운영 관리 조례 전부개정조례안을 간담회에서
참석자 1: 여러 위원님들과 논의한 결과 수정동의안 동의안을 발의하기로 의결을 의견을 모은 바가 있습니다.
참석자 1: 수정동의안을 발의하실 위원님 계시면 말씀하여 주시기 바랍니다.
참석자 1: 에 송재용 에 부위원장님의 수정동의가 있었습니다.
참석자 1: 재청하실 위원님 계십니까?
참석자 3: 예 송재용 위원입니다.
참석자 3: 아 서울특별시의회 의원 입법정책 연구용역 운영 관리 조례 전부개정조례안에 대한 수정동의안을 말씀드리겠습니다.
참석자 3: 입법정책 연구용역의 업무를 전반적으로 관리하는 총괄부서를 규정하고 현행처럼 연구 용역 기본계획 수립 전
참석자 3: 의원과 의회사무처 소속 직원으로부터 의견을 수렴하도록 했습니다.
참석자 3: 연구용역 기본계획 수립주체를 의장에서 정책연구위원회위원장으로 변경하고 의원의 연구용역 과제제안을
참석자 3: 소속 상임위의 소관 업무를 제한했던 것을 삭제해 그 범위를 확대하고 과제선정은 상임위원장이 선동 선정토록 하며
참석자 3: 의회사무처의 과제제안은 정책연구위원회위원장에게 제출토록하고 연구용역 과제선정 주체 역시
참석자 3: 정책연구위원회 위원장으로 조정하며 연구용역의 착수 중간 최종보고 등의 관리는 해당 상임위원회에서 수행하도록 어 했으며
참석자 3: 종전에 연구용역 심의와 관리를 아 위해 구성 운영하였던 정책연구위원회의 연구용역 심의위원회를 폐지하였습니다.
참석자 3: 또한 어 연구기관의 공모방식과 연구용역수행기관 선정을 위한 연구용역 제안 제안서평가위원회를 현행대로 존치하며
참석자 3: 연구용역의 사업 평가를 위한 구체적인 세부사항을 운영세칙으로 위임하는 등 개정안의 내용을 일부 수정 보완하였습니다.
참석자 3: 보다 자세한 사항은 의석에 배부해 드린 수정안을 참고해 주시고 조례안의 내용 중 경미한 문구수정이나
참석자 3: 체계 자구 정리 등에 대해서 위원장에게 일임하고자 합니다.
참석자 3: 네 감사합니다.
참석자 1: 에 방금 송재용 부위원장님의 수정동의가 있었습니다.
참석자 1: 재청하실 위원님 계십니까?
참석자 1: 서울특별시의회 의원 입법정책 연구용역 운영 관리 조례 전부개정조례안에 대한 수정 수정안이 송재용 부위원장님의 동의와
참석자 1: 여러 위원 위원님의 재청으로 정식의제로 성립되었음을 선포합니다.
참석자 1: 에 수정안에 대한 또 다른 의견 있으십니까?
참석자 1: 우리 집행부 수정안에 대한 의견 있으십니까?
참석자 1: 자 그럼 집행부도 별다른 의견이 없으신 것 같습니다.
참석자 1: 그러면은 에 송재용 부위원장님이 제안한 수정동의안에 대하여 수정한 부분은 수정안대로 나머지는 원안대로 의결하고자 합니다.
참석자 1: 위원님 여러분 이의 없으시죠?
참석자 1: 자 이의가 없으므로 의사일정 제4항 서울특별시의회 의원 입법정책 연구용역 운영 관리 조례 전부개정조례안은
참석자 1: 송재용 부위원장께서 동의하신 수정안대로 가결되었음을 선포합니다.
참석자 1: 에 오늘 안건이 당초에는 에 한 7건이었는데요.
참석자 1: 어 오늘 나오니깐 22건으로 늘어났더라고요.
참석자 1: 그런데 일부 자구수정 관련된 조례가 있었는데 아시다시피 지금 대선 기간이래서 다들 위원님들이 바쁘시기 때문에
참석자 1: 시급한 조례개정안은 아닌 것 같애서 에 다음 회의로 넘겼습니다.
참석자 1: 그리고 일부 조례안은 에 다시 에 쫌 비효율적이라는 의견이 많기 때문에 에 상정을 보류했다는 것을 참고로 말씀을 드리겠습니다.
참석자 1: 존경하는 선배 동료위원 여러분 오늘 회의가 원만하게 진행될 수 있도록 협조해 주신 데 대해서
참석자 1: 다시 한 번 감사하다는 말씀을 드리겠습니다.
참석자 1: 에 또한 김경호 사무처장을 비롯한 의회사무처 직원 여러분 수고들 많이 하셨습니다.
참석자 1: 대선이 인제 한 10여 일 앞으로 다가왔습니다.
참석자 1: 굉장히 우리 위원님들 굉장히 바쁘신데 얼마 전 에 우리 대한민국 국민이 바라는 대통령의 조건이라는
참석자 1: 빅데이타 분석 결과가 사이버상에서 어 이렇게 회자된 바가 있습니다.
참석자 1: 에 뭐 새롭다 자유 발전 평화 협력 에 이런 게 인제 이런 단어가 상위 키워드였습니다.
참석자 1: 새롭고 자유롭고 협력하는 국민들의 속을 시원하게 하는 새로운 대한민국을 만들기 위해 여러 위원님들과
참석자 1: 직원들이 함께 지혜를 모아서 노력해 주시기 바랍니다.
참석자 1: 이상으로 어 제273회 임시회 제1차 운영위원회 회의를 모두 마치도록 하겠습니다.
참석자 1: 산회를 선포합니다.
"
활동결과보고서 채택 회의,20190521,3,"참석자 1: 성원이 되었으므로 2019년도 사업장 점검 현지 확인 특별위원회 2차 회의를 개의하겠습니다.
참석자 1: 오늘 회의에서는 특별위원회 활동 결과 보고서를 채택하겠습니다.
참석자 1: 의사일정 제1항 2019년도 사업장 점검 현지 확인 특별위원회 활동 결과 보고서 채택의 건을 상정합니다.
참석자 1: 위원회 간사이신 위원 이용수 위원 나오셔서 특별위원회 활동 결과를 보고하여 주시기 바라겠습니다.
참석자 2: 2019년도 사업장 점검 현지 확인 특별위원회 간사 이용수 위원입니다.
참석자 2: 지금부터 지난 5월 14일부터 실시한 특별위원회 활동 결과를 보고 드리겠습니다.
참석자 2: 본 특별위원회는 2017년 이후 완료 또는 추진 중인 각종 사업에 대한 추진실태 및 문제점을 파악하여 의정 활동 자료로 활용하고
참석자 2: 현지 확인을 통해 사업 선정의 타당성과 효과성 사업장 안전시설 설치 주민 불편사항 사업 추진 상의 문제점 등을 점검하여
참석자 2: 의회 차원의 대안을 제시하고 행정감시 기능과 경제활동을 강화하는데 목적이 있습니다.
참석자 2: 먼저 경과 보고를 드리겠습니다.
참석자 2: 5월 14일 제1차 회의에서 활동 계획서를 의결하였고 5월 15일부터 17일까지 3일간 17개 사업장에 대한 현지 확인을 실시하였으며
참석자 2: 5월 20일 위원님들과 협의를 거쳐 활동 결과 보고서를 작성하였습니다.
참석자 2: 다음은 활동 결과를 보고드리겠습니다.
참석자 2: 2017년 이후 완료 또는 추진 중인 각종 현안사업과 대규모 사업에 대한 현지확인을 통하여
참석자 2: 사업의 추진 상황과 문제점 효과성 타당성 등을 심도 있게 검토하고
참석자 2: 군민의 불편 불만 사항을 수렴하여 의정 활동에 적극 반영함으로써 행정 감시 및 견제 활동을 강화하고자
참석자 2: 수북 장기 간 녹색 탐방로 조성 사업 등 17건의 사업장을 선정하여 현지 확인을 실시하였습니다.
참석자 2: 현지 확인 결과 지역 주민의 의견 및 현장 민원을 적극적으로 수렴하여 사업 추진에 반영해야 함에도
참석자 2: 의견수렴이 적절하게 이루어지지 못한 사업장이 다수 발견되었습니다.
참석자 2: 또한 타 기관과의 협의 협의 미흡 부서 간의 협의 지연 등으로 공사기간이 지연되는 사업도 다수 발생하였습니다.
참석자 2: 공사기간 지연으로 인하여 발생하는 주민 불편 추가 비용 발생 등의 문제점은 그 피해가 고스란히 군민들에게 돌아간다는 사실을 인지하고
참석자 2: 사업 추진에 만전을 기해야 할 것입니다.
참석자 2: 공사 중지 등으로 사업이 오랜 기간 지연되는 경우에는 계약부서에서 사업부서에게 조속한 추진을 독려하는 등의 조치가 필요할 것으로 판단됩니다.
참석자 2: 국가 및 옥천군에 예산을 대규모로 투입하여 그 편액이 특정 소수에게 편중되는 사업은 지양하고
참석자 2: 옥천군민 모두가 고루 혜택을 받을 수 있도록 사업 계획에 신중 기해야 하므로
참석자 2: 공모사업 시책사업 현안사업 등의 대규모 사업 추진 시에는 주민들에게 사업의 취지 목적 등 사전 현장 설명을 통해 사업의 공감대를 형성한 후
참석자 2: 사업을 시행할 필요성이 있습니다.
참석자 2: 원활한 사업 추진을 위해 시설직 직원 등 관련 공무원을 적재적소에 배치하여 공사의 지원 부실시공 하자 발생을 사전에 예방하고
참석자 2: 인사발령으로 인하여 부득이하게 감독 공무원 교체가 발생할 경우에는 인수인계를 철저히 하여 공사 중지 및 변경 관급자재 교체 등으로
참석자 2: 공사가 지연되는 일은 미연에 방지해야 할 것입니다.
참석자 2: 특히 농촌 생활환경 정비 사업 등의 사업자 선정 시에는 특정공사 등에 위탁 시행을 지양하고
참석자 2: 공개경쟁입찰을 통하여 군에서 직접 시행함으로써 견실한 시공이 될 수 있도록 추진할 필요가 있다고 판단합니다.
참석자 2: 또한 공사 완료 후 사업 인수 시에는 건축 토목 전기 소방 조경 등 관계 부서와 충분한 합동점검을 통하여 계약법 등
참석자 2: 관계 절차를 철저히 이행해야 합니다.
참석자 2: 사전 집행부에서 제출받은 사업장 자료에
참석자 2: 사업 추진상 문제점 현지 주민 민원사항 등이 제대로 기재되어 있지 않아 사업 추진 현황을 파악하기가 힘든 부분이 있었고
참석자 2: 현장에 대한 이해도를 높이기 위한 집행부의 사전 사업설명이 선행되었다면 더욱 내실 있는 현장 확인이 이뤄질 수 있었으므로 개선의 여지가 있다고 판단됩니다.
참석자 2: 현장점검을 통하여 나타난 사업장의 문제점과 사업별 추진 효과 지역주민의 여론 등을 검토하여
참석자 2: 향후 주민편익 증진과 지역 경제 활성화를 위한 사업 추진 참고 자료로 적극 활용 활용하여야 하며 사업 추진상 발생된 제반 문제점에 대해서는
참석자 2: 합리적인 대책을 강구하고 근시안적인 소규모 사업보다는 장기적인 안목을 가지고 사업 계획을 수립해야 할 필요성이 있다고 판단됩니다.
참석자 2: 향후 군에서 공모사업 등을 통한 대규모 현안사업을 추진할 경우 공모 단계에서부터 군의회 의견을 청취하여 내실 있게 추진될 수 있도록 하는
참석자 2: 제도적 장치가 필요할 것으로 판단됩니다.
참석자 2: 현지 확인을 통하여 지적된 사항은 즉시 시정 개선하여 군민들의 불편사항을 조속히 해결하고
참석자 2: 사업 추진 시 사전 계획을 면밀히 수립하여 예산의 중복 투자되거나 낭비되는 사례가 발생하지 않도록 업무추진에 철저를 기하여야 할 것입니다.
참석자 2: 기타 사업별 확인 결과는 활동 결과 보고서를 참고하여 주시기 바랍니다.
참석자 2: 실과소별 시정개선 및 조치할 사항은 집행부에 이송하여 처리한 후 그 결과를 2019년 6월 28일까지 회신 받도록 하겠습니다.
참석자 2: 아무쪼록 본 안건을 방금 보고한 내용과 같이 제출된 원안대로 의결하여 주시기를 바라면서 보고를 마치겠습니다 감사합니다.
참석자 1: 예 본 안건에 대하여 질의하실 위원 계시면 질의하여 주시기 바라겠습니다.
참석자 1: 예 말씀하세요 예
참석자 1: 아 그러면 저기 어 수고하셨습니다 자리로 돌아가 주시기 바라겠습니다.
참석자 3: 다니면서 많은 부분을 보고 느꼈는데 그중에 어 장야 그
참석자 3: 서대간 도시계획도로 관련해서 한 말씀 드리겠습니다 해당 부서 부서장님 참고해 주시기 바랍니다.
참석자 3: 이 우리 군 읍시가지를 중심으로 외곽에 있는 도로들에는 지방 도로가 있고 어 도시계획도로가 있습니다.
참석자 3: 거기에는 가감석 차선이 되어있는 곳이 있고 안 되어 있는 곳이 있습니다.
참석자 3: 대표적으로 읍사무소에서 군남 초등학교까지 외곽 4차선 도로에는 매화리 가는 4차선 사 거리 그 부분까지는 안 되있고
참석자 3: 그 매화리 가는 사 거리에서부터 군남 초등학교까지는 매우 잘 되어 있습니다.
참석자 3: 아마 10여 년 가까이 전에 퇴임하신 전 유재우 과장님이 담당해서 그렇게 했다고 들었습니다.
참석자 3: 왜냐하면은 이 4차선 같은 경우에는 주변에 2차선이나 그 여러 교차로에서 들어온 차량들의 안전 주민들의 안전하고 생명을 보호하는 게
참석자 3: 국가 행정의 본질인데도 법규에 도시계획도로에서는 가감석 차선이 안 된다라는 그 말만 계속 항변하는 것은 타당치 않다고 생각합니다.
참석자 3: 이미 20년 전부터 행정이 법규성에서 민주성으로 이동하고 있고 또 감사원 같은 데에 서는 적극 행정에 대한 면책제도 같은 것을 이미 도입해서
참석자 3: 적극적으로 권장하고 시행하고 있습니다 따라서 우리 군에서는 이번 보고서에서는 담당 부서에서 적극 고려해 주기 바란다라고 했는데
참석자 3: 반드시 지금 되어있지 않고 이미 토지가 확보되어 있는 데도 가감속 차선을 않는 곳에
참석자 3: 바로 예산 세워서 실시하도록 하고 또 이번 그 장야 서대간 도시계획도로 같은 경우에도 법규성만 따져서 도시계획도로 4차선에 가감속 차선을 넣지 않는 것을
참석자 3: 향후 토지 매입을 해서라도 그거 넣어주기를 강력히 요구합니다.
참석자 3: 그리고 그뿐만이 아니라 도시 외곽이나 그 순환도로 외곽에 있는 도로에 대해서도 가감속 차선 반드시 반영해 주길 바라겠습니다.
참석자 3: 이상 마치겠습니다.
참석자 1: 에 질의하실 의원님이 안 계시므로 어
참석자 1: 아 이 안건에 대해서는?
참석자 1: 아 사전에 다 저 협의가 됐기 때문에 어 질의를 종결하겠습니다.
참석자 1: 자 더 질의할 위원이 안 계시므로 질의 종결을 선포하겠습니다.
참석자 1: 자 본 안건을 방금 간사님이 보고한 내용과 같이 가결하고자 하는데 이의 없으십니까?
참석자 3: 없습니다.
참석자 1: 이의가 없으므로 의사일정 제1항 2019년도 사업장 점검 현지 확인 특별위원회 활동 결과 보고서 채택의 건은 가결되었음을 선포합니다.
참석자 1: 방금 채택된 결과 보고서는 잠시 후에 개의하는 본회의에 보고토록 하겠습니다.
참석자 1: 특별위원회 원활한 활동을 위해 적극 협조해 주신 부군수님을 비롯한 집행부 관계 공무원 여러분께 감사의 말씀을 드립니다.
참석자 1: 또한 현지 확인을 실시하면서 주민 여론을 수렴하고 올바른 사업 추진을 위한 대안을 제시해 주신 동료 위원 여러분께 진심으로 감사의 말씀을 드립니다.
참석자 1: 이상으로 2019년도 사업장 점검 현지 확인 특별위원회 의사일정을 모두 마치겠습니다 산회를 선포합니다.
"
특별위원회 위원장 선임 회의,20200610,5,"참석자 1: 의석을 정돈하여 주시기 바랍니다.
참석자 1: 의회사무 팀장 김승정입니다 지금부터 2020년도 사업장 점검 현지 확인 특별위원회 회의진행에 대하여 보고드리겠습니다.
참석자 1: 오늘 제277회 옥천군의회 제1차 정례회 제1차 본 회의에서 2020년도 사업장 점검 현지 확인 특별위원회 구성결의안 및
참석자 1: 2020년도 사업장 점검 현지 확인 특별위원회 위원 선임의 건을 의결되어 일곱 분의 의원이 선임되었습니다.
참석자 1: 2020년도 사업장 점검 현지 확인 특별위원회 위원장이 선임될 때까지 옥천군의회 위원회 조례 제10조 제2항에 따라 연장자이신 곽동우 위원님이 회의를 진행하시겠습니다.
참석자 1: 이상으로 보고를 마치겠습니다.
참석자 2: 성원이 되었으므로 2020년도 사업장점검 현지 확인 특별위원회 제1차 회의를 개회하겠습니다.
참석자 2: 방금 의회사무 팀장이 보고한 내용과 같이 옥천군의회 위원회 조례 제10조 제2항에 따라
참석자 2: 위원장이 선임될 때까지 본 위원이 회의를 진행하겠습니다.
참석자 2: 회의가 순조롭게 진행될 수 있도록 위원 여러분의 협조를 부탁드립니다.
참석자 2: 그러면 오늘의 의사일정 제1항 2020년도 사업장 점검 현지 확인 특별위원회 위원장 선임의 건을 상정합니다.
참석자 2: 위원장 선임은 옥천군의회 위원회 조례 제10조 제1항에 따라 위원회에서 호선하고 본 회의에 보고토록 되어 있습니다.
참석자 2: 선임 방법은 위원님들의 구두호천으로 선임하고자 하는데 이의 없으십니까?
참석자 3: 없습니다.
참석자 2: 이의가 없으므로 방금 말씀드린 대로 위원장을 구두호천 하도록 하겠습니다.
참석자 2: 위원 여러분께서는 적임자를 추천하여 주시기 바랍니다.
참석자 2: 네 손석철 위원 말씀하여 주시기 바랍니다.
참석자 2: 방금 손석철 위원께서 임만재 위원을 위원장으로 추천하셨습니다.
참석자 2: 더 추천하실 위원이 계시면 추천하여 주시기 바랍니다.
참석자 3: 없습니다.
참석자 2: 에 더 이상 추천하실 위원이 안 계시므로 임만재 위원을
참석자 2: 2020년도 사업장 점검 현지 확인 특별위원회 위원장으로 선임하고자 하는데 이의가 없으십니까?
참석자 3: 없습니다.
참석자 2: 예 이의가 없으므로 의사일정 제1항 2020년도 사업장 점검 현지 확인 특별위원회 위원장 선임의 건은
참석자 2: 임만재 위원이 선임되었음을 선포합니다.
참석자 2: 임만재 위원장님은 나오셔서 회의를 진행하여 주시기 바랍니다.
참석자 4: 2020년도 사업장 점검 현지 확인 특별위원회 위원장 임만재입니다.
참석자 4: 군에서 추진하고 있는 주요 사업장을 점검하기 위하여 구성된 특별위원회 위원장이라는 중책을 맡겨 주신데 대하여 감사의 인사 드립니다.
참석자 4: 곧이어 선임될 간사님과 함께 최선을 다해 특별위원회를 운영하도록 하겠습니다.
참석자 4: 동료 위원님들의 많은 협조를 부탁드리겠습니다.
참석자 4: 오늘 회의에서는 위원회 간사 선임 및 회기결정 그리고 활동 계획서를 의결하도록 하겠습니다.
참석자 4: 그럼 의사일정 제2항 2020년도 사업장 점검 현지확인 특별위원회 간사 선임의 건을 상정합니다.
참석자 4: 간사선임은 위원장과 마찬가지로 옥천군의회 위원회 조례 제12조 제1항에 따라 위원회에서 호선하고
참석자 4: 본회의에 보고토록 되어 있습니다.
참석자 4: 선임 방법은 위원님들의 구두호천으로 선임하고자 하니 추천하여 주시기 바랍니다.
참석자 4: 유재묵 위원 말씀하여 주시기 바랍니다.
참석자 5: 추복순 위원님을 추천하겠습니다.
참석자 4: 방금 유재묵 위원께서 추복순 위원을 간사로 추천하셨습니다.
참석자 4: 더 추천하실 위원 계시면 추천하여 주시기 바랍니다.
참석자 3: 없습니다.
참석자 4: 없습니까?
참석자 4: 더 이상 추천하실 위원이 안 계시므로 추복순 위원을 2020년도 사업장 점검 현지 확인 특별위원회 간사로 선임하고자 하는데 이의 없으십니까?
참석자 3: 없습니다.
참석자 4: 이의가 없으므로 의사일정 제2항 2020년도 사업장 점검 현지 확인 특별위원회 간사 선임의 건은
참석자 4: 추복순 위원이 선임되었음을 선포합니다.
참석자 4: 다음은 의사일정 제3항 2020년도 사업장 점검 현지 확인 특별위원회 회기결정의 건을 상정합니다.
참석자 4: 본 특별위원회의 회기를 배부해드린 일정과 같이 6월 10일부터 24일까지 15일간으로 정하고자 하는데 이의 없으십니까?
참석자 3: 없습니다.
참석자 4: 이의가 없으므로 의사일정 제3항 2020년도 사업장 점검 현지 확인 특별위원회 회기결정의 건은
참석자 4: 6월 10일부터 24일까지 15일간으로 결정되었음을 선포합니다.
참석자 4: 다음은 의사일정 제4항 2020년도 사업장 점검 현지확인 특별위원회 활동 계획서 의견의 건을 상정합니다.
참석자 4: 위원회 간사이신 추복순 위원 나오셔서 특별위원회 활동 계획을 설명하여 주시기 바랍니다.
참석자 5: 어 2020년도 사업장 점검 현지 확인 특별위원회 간사 추복순 위원입니다.
참석자 5: 지금부터 특별위원회 활동 계획에 대해 설명 드리겠습니다.
참석자 5: 본 특별위원회는 지방자치법 제56조 및 옥천군의회 위원회 조례 제9조에 따라 제277회 옥천군의회 제1차 정례회
참석자 5: 제1차 본 회의에서 의결되어 설치되었으며 설치목적은 2018년 이후 완료 또는 추진 중인
참석자 5: 각종 사업에 대해 추진실태 및 문제점을 파악하여 의정 활동 자료로 활용하고자 하는 것입니다.
참석자 5: 현지 확인을 통해 사업 선정의 타당성과 효과성 사업장의 안전시설 설치 주민불편사항 사업 추진 상의 문제점 등을
참석자 5: 점검하여 의회 차원의 대안을 제시하고 행정감시 기능과 견제활동 강화하는 데 목적이 있습니다.
참석자 5: 본 위원회 활동기간은 6월 10일부터 24일까지 15일간으로 정하였습니다.
참석자 5: 세부 일정을 말씀드리면 오늘 회의에서 활동 계획서를 의결하고 6월 16일부터 18일지 3일간 현지 확인을 실시하겠으며
참석자 5: 6월 24일 활동 결과 보고서를 채택하겠습니다.
참석자 5: 현재 확인 시에는 사업 선정의 타당성 현지 실정에 맞는 설계 및 시공 여부 사업장 안전시설 견실시공 여부
참석자 5: 추진 상의 문제점과 대책 민원발생 및 주민불편 사항 주민 여론 수렴 등을 중점적으로 확인을 하겠습니다.
참석자 5: 위원님들께서는 현지 확인을 통해 나타난 문제점과 주민 의견 시정 및 조치할 사항 건의할 사항을 결과 보고서의 작성하시고
참석자 5: 간사인 본 위원에게 6월 18일까지 제출하여 주시기 바랍니다.
참석자 5: 기타 자세한 사항은 활동 계획서를 참고하여 주시기 바랍니다.
참석자 5: 아무쪼록 본 안건을 방금 설명드린 내용과 같이 제출된 원안대로 의결하여 주시기를 바라면서 설명을 마치겠습니다 감사합니다.
참석자 4: 본 안건에 대하여 질의하실 위원 계시면 질의해 주시기 바랍니다.
참석자 3: 없습니다.
참석자 4: 수고 하셨습니다 자리로 돌아가십시오.
참석자 4: 질의할 위원님이 안 계시므로 질의 종결을 선포합니다.
참석자 4: 본 안건을 방금 간사님이 설명한 내용과 같이 가결코자 하는데 이의 없습니까?
참석자 3: 없습니다.
참석자 4: 이의가 없으므로 의사일정 제4항 2020년도 사업장 점검 현지 확인 특별위원회 활동 계획서 의결의 건은 가결되었음을 선포합니다.
참석자 4: 이상으로 오늘의 의사일정을 모두 마치겠습니다.
참석자 4: 사업장 점검 현지 확인은 6윌 16일 오전 10시에 출발할 예정입니다.
참석자 4: 특별위원회 제2차 회의는 6월 24일 오전 10시 30분에 개최할 예정이오니 참고하여 주시기 바랍니다.
참석자 4: 동료 위원 여러분 그리고 부군수를 비롯한 집행부 관계 공무원 여러분 수고하셨습니다.
참석자 4: 산회를 선포합니다.
"
시민건강국 예산심사 회의,20171130,4,"참석자 1: 의석을 정돈해 주시기 바랍니다.
참석자 1: 성원이 되었으므로 제277회 정례회 보건복지위원회 제7차 회의를 개의하겠습니다.
참석자 1: 예 자정이 넘은 시간까지 서울시민의 건강과 행복한 삶을 위하여 열과 성의를 다하여 예산안 심사에 임해 주신 우리 위원님들과 그리고
참석자 1: 시민건강국장을 비롯한 관계 공무원 여러분 늦은 시간까지 정말 고생 많으셨습니다.
참석자 1: 음 그러면 계속해서 2018년도 시민건강국 소관 예산안 및 기금운용 계획안을 재상정한 후 의결하도록 하겠습니다.
참석자 1: 의사일정 제1항 2018년도 시민건강국 소관 예산안 및 기금운용 계획안을 상정합니다.
참석자 1: 의사일정 제1항 2018년도 시민건강국 소관 예산안 및 기금운용 계획안에 대하여 정회 중
참석자 1: 정회 중 간담회에서 논의한 결과 수정안을 발의하기로 의견을 모았습니다.
참석자 1: 그러면 김혜련 위원님께서 수정동의안을 발의해 주시기 바랍니다.
참석자 2: 네 김혜련 위원입니다.
참석자 2: 2018년도 시민건강국 소관 예산안 및 기금운용 계획안에 대하여 심의과정 중 위원님들의 지적내용과
참석자 2: 이에 대한 집행부 측의 답변 등을 토대로 (@정회) 시간을 통하여 심도 있는 계수조정을 하였습니다.
참석자 2: 그 결과 2018년도 시민건강국 소관 예산안 및 기금운용 계획안에 대하여 다음과 같이 수정하기로 의견을 모았습니다.
참석자 2: 우선 일반회계 세출예산 가운데 감액조치가 필요하다고 판단된 예산사업은
참석자 2: 서울의료원 권역응급의료센터 건립 사업의 명시이월금 삭감 등 총 어 9개 사업
참석자 2: 31억 2190만 원을 감액하고 다음으로 증액조치가 필요하다고 판단된 예산사업은
참석자 2: 보건지소 확충 지원을 위한 14억을 증액하는 등 총 24개 사업 85억 9160만 원을 증액하기로 하였습니다.
참석자 2: 자세한 변경내역은 별첨자료를 참고하여 주시기 바랍니다.
참석자 2: 위원 여러분 정회 시 논의된 바대로 2018년도 시민건강국 소관 예산안 및 기금운용 계획안에 대하여 말씀드린 증 감액 사업내용과 같이
참석자 2: 수정하고 나머지에 대하여는 시장이 제출한 원안대로 가결할 것을 동의합니다.
참석자 2: 이상입니다.
참석자 1: 2018년도 시민건강국 소관 예산안 및 기금운용 계획안에 대한 김혜련 위원님의 수정동의가 있었습니다.
참석자 1: 의사진행발언 있으십니까?
참석자 3: 잠깐 지금 우리 김혜련 위원님이 수정동의한 내용 중에요.
참석자 3: 에 서울의료원 권역응급의료센터가 아 명시이월을 삭감하는 내용은 아닙니다.
참석자 3: 예 그거는 조금 수정을 해야 될 거 같아요 자구를.
참석자 3: 즉 다시 말해서 내용은 인제 어쨌든 금년에 사업비 전체를 갖다가 제대로 집행하지 못해가지고 26억을 명시이월을 승인요청을 했습니다.
참석자 3: 예 그렇기 때문에 여러 가지 에 공정 진척도를 봐서는 금년도 사업비가 무리하다는 측면이 있기 때문에
참석자 3: 에 명시이월 부분만큼 에 삭감이 필요하다고 제안했다가 거기에 절반 정도만 집행부에서 인제 수용을 했죠 즉 다시 말해서
참석자 3: 2018년도 권역응급의료센터 사업비 64억 3600만 원 중에서 어 13억을 삭감하는 거죠.
참석자 3: 명시이월에서 삭감하는 게 아니고.
참석자 3: 내용이 조금 그래요.
참석자 1: 자 그러면 이 안건 조정을 위해 잠시 정회하도록 하겠습니다.
참석자 1: 정회를 선포합니다.
참석자 1: 예 의석을 정돈해 주시기 바랍니다.
참석자 1: 성원이 되었으므로 회의를 속개하겠습니다.
참석자 1: 예 김혜련 위원님께서 발의하신 수정동의안에 일부 오류가 있어 정정해서 다시 발의하도록 하겠습니다.
참석자 1: 그러면 김혜련 위원님 수정동의안을 발의해 주시기 바랍니다.
참석자 2: 네 김혜련 위원입니다.
참석자 2: 2018년도 시민건강국 소관 예산안 및 기금운용 계획안에 대하여 심의과정 중
참석자 2: 위원님들의 지적내용과 이에 대한 집행부 측의 답변 등을 토대로 정회 시간을 통하여 심도 있는 계수조정을 하였습니다.
참석자 2: 그 결과 2018년도 시민건강국 소관 예산안 및 기금운용 계획안에 대하여 다음과 같이 수정하기로 의견을 모았습니다.
참석자 2: 우선 일반회계 세출예산 가운데 감액조치가 필요하다고 판단된 예산사업은
참석자 2: 서울의료원 권역응급의료센터 건립 사업을 공정률에 맞춰 일부 사업비를 삭감하는 등
참석자 2: 총 9개 사업 31억 2190만 원을 감액하고 다음으로 증액조치가 필요하다고 판단된 예산사업은
참석자 2: 보건지소 확충 지원을 위한 14억 원을 증액하기로 하는 등
참석자 2: 총 24개 사업 85억 9160만 원을 증액하기로 하였습니다.
참석자 2: 자세한 변경내역은 별첨자료를 참고하여 주시기 바랍니다.
참석자 2: 위원 여러분 정회 시 논의된 바대로 2018년도 시민건강국 소관 예산안 및 기금운용계획안에 대하여
참석자 2: 말씀드린 증 감액 사업내용과 같이
참석자 2: 수정하고 나머지에 대하여는 시장이 제출한 원안대로 가결할 것을 동의합니다.
참석자 2: 이상입니다.
참석자 1: 예 2018년도 시민건강국 소관 예산안 및 기금운용 계획안에 대한 김혜련 위원님의 수정동의가 있었습니다.
참석자 1: 김혜련 위원의 수정동의에 대해 재청 있으십니까?
참석자 1: 예 재청하시는 위원이 계시므로 김혜련 위원이 제안한 수정동의를 정식의제로 상정합니다.
참석자 1: 지방자치법 제127조 제3항에 따르면 지방의회는 지방자치단체장의 동의 없이 지출예산 각 항목의 금액을 증액하거나
참석자 1: 새로운 비용항목을 설치할 수 없도록 규정돼 있습니다.
참석자 1: 따라서 수정동의안의 의결에 앞서서 증액과 신규비용 신설에 대한 집행부 의견을 듣도록 하겠습니다.
참석자 1: 시민건강국장은 의견을 말씀해 주시기 바랍니다.
참석자 4: 예 나백주 동의합니다.
참석자 1: 그러면 김혜련 위원님의 수정안을 2018년도 시민건강국 소관 예산안 및 기금운용 계획안에 대한
참석자 1: 위원회안으로 의결하고자 하는데 위원님 여러분 이의 없으십니까?
참석자 3: 없습니다.
참석자 1: 그러면 의사일정 제1항 2018년도 시민건강국 소관 예산안 및 기금운용 계획안에 대하여 수정된 부분에 대해서는 김혜련 위원님께서 제안한 수정안대로
참석자 1: 그리고 나머지는 서울특별시장이 제출한 원안대로 가결되었음을 선포합니다.
참석자 1: 위원님 여러분 그리고 나백주 시민건강국장을 비롯한 관계 공무원 여러분 늦은 시간까지 수고 많으셨습니다.
참석자 1: 오늘 회의가 원만하게 진행될 수 있도록 협조해 주신 위원님들과 관계 공무원 여러분들께 거듭 감사드립니다.
참석자 1: 이상으로 제277회 정례회 보건복지위원회 제7차 회의를 모두 마치겠습니다.
참석자 1: 산회를 선포합니다.
"
서울시 복지재단 주요업무(1) 회의,20170221,3,"참석자 1: 네 의석을 정돈하여 주시기 바랍니다.
참석자 1: 존경하는 보건복지위원회 위원 여러분 그리고 이 자리에 참석하신 복지본부장과 서울복지재단 및 서울 50 플러스재단 대표를 비롯한 공무원과 관계자 여러분 반갑습니다.
참석자 1: 계속되는 정치 불안과 경기침체로 시민들의 복지수요가 증가하고 서울시 복지정책에 거는 기대도 커질 것으로 예상됩니다.
참석자 1: 집행부에서는 경기고용 둔화에 따른 복지사각지대의 발생과 취약계층의 어려움이 가중되지 않도록 항상 현장을 살피고
참석자 1: 수요자 중심의 맞춤형 정책개발에 최선을 다해 주실 것을 당부드립니다.
참석자 2: 존경하는 보건복지위원회 위원님 여러분 안녕하십니까?
참석자 2: 이번 업무보고를 통해 위원님들께 2017년 복지본부 소관 사업에 대해 보고를 드리고 고견을 듣게 된 것을 매우 뜻 깊게 생각합니다.
참석자 2: 올 겨울은 경기침체 등으로 어려움을 겪고 있는 우리 이웃들에게는 유난히 춥고 길게 느껴졌을 것으로 생각됩니다.
참석자 2: 그러나 봄을 이기는 겨울은 없다는 말을 증명이라도 하듯 이제는 제법 봄기운이 느껴지는 거 같습니다.
참석자 2: 복지본부는 모든 행정력을 집중하여 봄을 기다리는 시민 속으로 찾아가 따뜻한 기운을 불어넣고 희망을 전하도록 하겠습니다.
참석자 2: 앞으로도 저희 본부가 시민들이 필요로 하는 복지업무를 잘 수행할 수 있도록 보건복지위원회 위원님들께서 많은 관심과 애정으로 격려 부탁드립니다.
참석자 2: 저희 본부에는 1기획관 7과 28개 팀에서 138명이 현재 근무하고 있습니다.
참석자 2: 이 쪽입니다.
참석자 2: 금년도 저희 예산은 총계 규모로 5조 871억 원이고 전년도에 비해서 4.6퍼센트 증가했습니다.
참석자 2: 순계규모로는 4조 5738억 원입니다.
참석자 2: 저소득시민복지 분야가 43.1퍼센트 노인복지 분야가 39.5퍼센트 장애인복지 분야 14.8퍼센트 자활복지 분야가 2.6퍼센트입니다.
참석자 2: 저희는 두 개 기금에 3192억원의 기금을 운용하고 있습니다.
참석자 2: 3쪽과 4쪽에 성과지표별 추진 현황은 자료를 참고해 주시기 바랍니다.
참석자 2: 다음은 어려운 이웃 지원을 보고드리겠습니다. 보고자료 어 8쪽입니다.
참석자 2: 찾아가는 동주민센터로 촘촘한 복지생태계 기반을 구축하고 있습니다.
참석자 2: 금년도에는 59개 동이 신규로 참여해서 총 24개 구에 342개 동이 시행을 하게 되었습니다.
참석자 2: 7월 1일부터 3단계는 시행 예정입니다.
참석자 2: 그렇게 되면 전 동의 80퍼센트가 참여하게 됩니다.
참석자 2: 아 인력충원은 507명을 하게 되겠습니다.
참석자 2: 스마트센서를 통한 고독사 방지 사업도 금년에 시범적으로 추진하겠습니다.
참석자 2: 아 100명에 대해서 KT의 협조를 받아서 비예산으로 추진하는 사업입니다.
참석자 2: 시설물 안전점검 및 동절기 하절기 특별보호대책도 어 추진토록 하겠습니다.
참석자 2: 이상으로 업무보고를 마치고 어 마지막으로 123쪽의 시립서부노인전문요양센터 민간위탁 재위탁 건을 보고드리겠습니다.
참석자 2: 주요 위탁사무는 노인요양원 관리운영 중풍치매 아 중풍치매 중증치매 중풍노인의
참석자 2: 입소보호 기타 노인복지 증진을 위해 위탁자와 수탁자가 협의하여 정하는 사업입니다.
참석자 2: 현재 운영법인인 사회복지법인 소망복지재단에 대한 적격자 심의를 마쳤으며 3월 협약사 심사 후 재계약 체결 예정입니다.
참석자 2: 다음으로 124쪽 시립도심권 50 플러스센터 민간위탁 재위탁 건입니다.
참석자 2: 주요 위탁사무는 도심권 50 플러스센터 관리 운영 장년층 제2 인생설계 지원 지역특화프로그램 운영 등을 위한 사업이며
참석자 2: 현재 수탁기관과 위탁기간이 17년 4월 1일자로 만료됨에 따라
참석자 2: 공개모집에 의한 재위탁을 추진하여 새로운 수탁기관과 사월 협약체결 예정입니다.
참석자 2: 이상 보고를 마치겠습니다. 감사합니다.
참석자 1: 수고하셨습니다.
참석자 1: 다음은 서울시복지재단 대표 나오셔서 간부소개와 함께 주요업무 및 정관 개정안 보고를 해 주시기 바랍니다.
참석자 3: 안녕하십니까?
참석자 3: 존경하는 보건복지위원회 위원장님 어 보건복지위원회 위원님 2017년 처음 열리는 상임위에서 금년도 서울시복지재단의 주요 업무를 보고드리고
참석자 3: 위원님의 고견을 재단정책과 사업에 반영할 수 있는 기회를 주셔서 매우 기쁘게 생각합니다.
참석자 3: 우선 선도적 복지정책 개발 관련 예산을 지난해보다 97.3퍼센트 증액하고 복지분야별 전담연구자를 선정하여
참석자 3: 정책이슈에 대한 대응력을 키우는 등 연구지원기능을 강화하였습니다.
참석자 3: 서울시의 복지정책이 혁신적인 변화를 도모하고 있는 현재 재단이 그 혁신적 방향에 대해 실질적으로 지원하고 선도하는 싱크탱크로서 역할을 수행할 수 있도록 노력하겠습니다.
참석자 3: 재단은 또한 복지현장을 지원하고 서울시의 복지서비스 공공성을 강화시키기 위한 사업들을 추진하고 있습니다.
참석자 3: 존경하는 위원님 우리 재단은 서울시의 복지정책이 우리나라의 사회복지를 선도할 수 있도록 서울시 및 시의회와의 지속적이고 심도 깊은 정책조율을 진행하도록 하겠습니다.
참석자 3: 우리 재단의 소관업무나 사업계획 등 개선할 사항에 대해서 말씀주신다면 그 귀중한 조언과 고견을 적극 반영하여 노력하도록 하겠습니다.
참석자 3: 위원님들의 아낌없는 지도와 격려를 부탁드리면서 업무보고에 앞서 재단의 간부를 소개해 드리겠습니다.
참석자 3: 인력은 지난해 공무직과 기능직 기능직 43명을 일반직으로 전환하여 현재는 정원 140명 현원 136명입니다.
참석자 3: 2017년도 일반예산은 260억 8200만 원 기금예산은 110억 5200만 원입니다.
참석자 3: 출연금은 각 187억 26억 가량입니다.
참석자 3: 재단의 기본 재산은 115억 원입니다.
참석자 3: 이상으로 간략히 주요업무 보고사항을 말씀드리고 이어 정관 개정안에 대해서 보고드리겠습니다.
참석자 3: 자리에 가지고 계신 바와 같이 별도자료에 재단법인 서울시복지재단 정관 일부개정안입니다.
참석자 3: 미리 나누어드린 자료의 2쪽입니다.
참석자 3: 정관 개정 이유는 서울특별시 근로자이사제 운영에 관한 조례에 따라 근로자이사제를 도입하고
참석자 3: 기타 내부규범 위임에 관한 사항을 명확히 하며 오기와 중복사항을 바로잡고자 합니다.
참석자 3: 어 저희 서울시복지재단은 공무직 기능직의 일반직으로의 통합 이후 정원이 100명을 초과하였기 때문에 이번에
참석자 3: 근로자이사제를 운영하여야 되는 조직에 해당합니다.
참석자 3: 이에 따라서 이 근로자이사제 운영에 관한 어 개정사항입니다.
참석자 3: 세부내용은 자료를 참고해 주시기 바랍니다.
참석자 3: 이상으로 업무보고 및 정관 개정안 보고를 마치겠습니다.
참석자 1: 수고하셨습니다.
"
활동결과보고서 채택 회의,20200624,3,"참석자 1: 의석을 정돈하여 주시기 바랍니다.
참석자 1: 성원이 되었으므로 2020년도 사업장 점검 현지 확인 특별위원회 제2차 회의를 개회하겠습니다.
참석자 1: 오늘의 회의에서는 특별위원회 활동 결과 보고서를 채택하겠습니다.
참석자 1: 의사일정 제1항 2020년도 사업장 점검 현지 확인 특별위원회 활동 결과 보고서 채택의 건을 상정합니다.
참석자 1: 위원회 간사이신 추복순 위원 나오셔서 특별위원회 활동 결과를 보고하여 주시기 바랍니다.
참석자 2: 어 2020년도 사업장 점검 현지 확인 특별위원회 간사 추복순 위원입니다.
참석자 2: 지금부터 지난 6월 10일부터 실시한 특별위원회 활동 결과를 보고드리겠습니다.
참석자 2: 본 특별위원회는 2018년 이후 완료 또는 추진 중인 각종 사업에 대한 추진실태 및 문제점을 파악하여 의정 활동 자료로 활용하고
참석자 2: 현지 확인을 통해 사업 선정의 타당성과 효과성 사업장 안전시설 설치 주민불편사항 사업 추진상의 문제점 등을 점검하여
참석자 2: 의회 차원의 대안을 제시하고 행정감시 기능과 견제활동을 강화하는 데 목적이 있습니다.
참석자 2: 먼저 경과보고를 드리겠습니다.
참석자 2: 6월 15일 제1차 회의에서 활동 계획서를 의결하였고 6월 16일부터 18일까지 3일간 20개 사업장에 대한 현지 확인을
참석자 2: 실시하였으며 6월 19일 위원님들과 협의를 거쳐 활동 결 과보고서를 작성하였습니다.
참석자 2: 다음은 현지 결과 확인 결과를 보고 드리겠습니다.
참석자 2: 2018년 이후 완료 또는 추진 중인 각종 현안사업과 대규모 사업에 대한 현지 확인을 통하여 사업의 추진 상황과
참석자 2: 문제점 효과성 타당성 등을 심도 있게 검토하고 군민의 불편 불만 사항을 수렴하여 의정 활동에 적극 반영함으로써
참석자 2: 행정 감시 및 견제 활동을 강화하고자 신매 재해위험지구 정비 사업 등 20건의 사업장을 선정하여 현지 확인을 실시하였습니다.
참석자 2: 현지 확인 결과 지역주민의 의견 및 현장 민원을 적극적으로 수렴하여
참석자 2: 사업 추진에 반영해야 함에도 의견수렴이 적절하게 이루어지지 못한 사업장이 다수 발견되었습니다.
참석자 2: 지난해에도 지적되었던 전선주 이전 기관인 한전 등 타 기관과의 협의 미흡으로 인한 공사 지연은 물론
참석자 2: 토지보상 협의 지원 사업비 부족 행정재산 관리 미흡 등으로 공사 기간이 늘어난 사업이 다수 발생하였습니다.
참석자 2: 공사기간 지연으로 인하여 발생하는 주민불편과 물가 변동에 따른 추가 비용 발생 등의 문제점은 그 피해가 고스란히
참석자 2: 군민들에게 돌아간다는 사실을 인지하고 사업 추진에 만전을 기해야 할 것입니다.
참석자 2: 전선주 통신주 등이 이전으로 공사가 지연되는 것을 방지하기 위해서 사전에 관계 기관과 협약 등을 체결하여
참석자 2: 추진하는 방안을 고려해야 한다고 판단됩니다.
참석자 2: 소하천 정비 사업 도로 개설 및 확포장 사업 등 대부분의 사업장은 농경지 근처에서 공사를 시행하고 있습니다.
참석자 2: 대체 도로 확보 등 차량 및 농기계 이동이 용이하도록 현장을 잘 정비하여 공사를 시행하여 영농철에 주민 농민 주변의 농민들이 불편함이 없도록
참석자 2: 사업을 추진해야 할 것입니다.
참석자 2: 청산면 예곡리 취입보 개보수 사업과 같이 업체 선정 등 사업 추진 과정에서 주민들의 의견을 적극적으로 반영하여
참석자 2: 시행한모범적인 추진 사례는 향후 다른 사업 추진 시 적극 적용해야 하며
참석자 2: 반면에 당초 계획과 다르게 추진되거나 주민의견을 반영하지 못하여 주민들에게 통행불편 등을 야기하고 공사가 완료된 이후에도
참석자 2: 민원소지가 있는 사업장도 있어 개선이 필요한 것으로 판단됩니다.
참석자 2: 사업 추진 시에는 현장설명 등을 통해 사업을 주민들에게 적극 홍보하고 반드시 관계 주민들의 의견을 수렴하여
참석자 2: 추진해야 하고 이후 발생한 문제점 등을 미리 발견하여 해결할 수 있을 것입니다.
참석자 2: 발견 또는 발생된 제반 문제점에 대해서는 합리적인 대책을 강구하고
참석자 2: 근시안적인 해결보다는 장기적인 안목을 가지고 사업을 추진하는 노력이 필요하다고 판단됩니다.
참석자 2: 현지 확인을 통하여 지적된 사항은 즉시 시정 개선하여 군민들의 불편사항을 조속히 해결하고
참석자 2: 사업 추진 시 사전 계획을 면밀히 수립하여 예산의 중복 투자되거나 낭비되는 사례가 발생하지 않도록 업무추진에 철저를 기해야 할 것입니다.
참석자 2: 기타 사업장별 확인 결과는 활동 결과 보고서를 참고하시기 바랍니다.
참석자 2: 실 과 소별 시정 개선 및 조치할 사항은 집행부에 이송하여 처리한 후 그 결과를 2020년 7월 31일까지 회신 받도록 하겠습니다.
참석자 2: 아무쪼록 본 안건을 방금 보고 한 내용과 같이 제출된 원안대로 의결하여 주시기를 바라면서 보고를 마치겠습니다 감사합니다.
참석자 1: 수고하셨습니다 본 안건에 대하여 질의하실 위원님 계시면 질의하여 주시기 바랍니다.
참석자 3: 없습니다.
참석자 1: 없습니까?
참석자 1: 수고 하셨습니다 자리로 돌아가 주시기 바랍니다.
참석자 1: 질의할 위원님이 안 계시므로 질의 종결을 선포합니다.
참석자 1: 본 안건을 방금 간사님이 보고한 내용과 같이 가결코자 하는데 이의 없습니까?
참석자 3: 없습니다.
참석자 1: 이의가 없으므로 의사일정 제1항 2020년도 사업장 점검 현지 확인 특별위원회 활동 결과 보고서 채택의 건은 가결되었음을 선포합니다.
참석자 1: 방금 채택된 결과 보고서는 잠시 후에 개의하는 본 회의에 보고토록 하겠습니다.
참석자 1: 현지 확인을 실시하면서 주민여론을 수렴하고 올바른 사업 추진을 위한 대안을 제시해 주신 동료 위원 여러분들께 진심으로 감사의 말씀을 드립니다.
참석자 1: 또한 특별위원회 원활한 활동을 위해 적극 협조해 주신 부군수를 비롯한 집행부 관계 공무원 여러분들께도 감사의 말씀을 드립니다.
참석자 1: 이상으로 2020년도 사업장 점검 현지 확인 특별위원회 의사 일정을 모두 마치겠습니다.
참석자 1: 산회를 선포합니다.
"
교육비 예산 회의,20171214,4,"참석자 1 : 의석을 정돈해 주시기 바랍니다.
참석자 1 : 아 성원이 되었으므로 서울특별시의회 제277회 정례회 예산결산특별위원회 제5차 회의를 개의하겠습니다.
참석자 1 : 자 연일 계속되는 서울시 교육청의 예산안 및 기금안 심사를 위해서 함께 애써 주시고 지혜를 모아 주신 위원님들께 감사드립니다.
참석자 1 : 아 특히 각종 사업에 대한 타당성과 효과성을 면밀히 검토하고 합리적인 재원배분을 위해 아침부터 밤늦게까지
참석자 1 : 계수조정에 참여하신 소위원회 위원님들께 진심으로 감사드립니다.
참석자 1 : 그러면 안건을 상정하도록 하겠습니다.
참석자 1 : 의사일정 제1항 2018년도 서울특별시 교육비 특별회계 예산안.
참석자 1 : 의사일정 제2항 2017년도 서울특별시 교육청 기금운용계획 변경안.
참석자 1 : 의사일정 제3항 2018년도 서울특별시 교육청 기금운용계획안.
참석자 1 : 의사일정 제4항 2018년도 서울특별시 학교안전공제 및 사고예방기금 운용 운용계획안을 일괄 상정합니다.
참석자 1 : 아 먼저 교육청의 예산안과 기금에 대한 심사경과를 말씀드리겠습니다.
참석자 1 : 아시는 바와 같이 우리 위원회에서는 계수조정 소위원회를 중심으로 재정 여건과 수요 등을 감안해서 여러 위원님께서 질의하시고 지적하신 주요 사항들을 심도 있게 검토하였습니다.
참석자 1 : 그 결과 교육위원회의 예비심사 결과를 존중하고 합리적이고 효과적인 재원조정을 통해 학생들의 학습여건 향상과 건강과 안전에 필요한
참석자 1 : 사업을 위해 교육청의 예산안과 기금안에 대하여 수정안을 발의하기로 하였습니다.
참석자 1 : 그러면 종합적인 수정안을 발의해 주시기 바랍니다.
참석자 2 : 우리 예산결산특별위원회는 상정된 안건에 대하여 교육위원회의 예비심사 결과를 존중하면서 여러 위원님들께서
참석자 2 : 질의하시고 지적하신 주요 사항과 건의내용에 대해 꼼꼼히 검토하였습니다.
참석자 2 : 그 결과 우리 예결위원회에서는 한정된 재원을 효율적으로 쓰일 수 있도록
참석자 2 : 합리적인 조정과 선택을 통해 시급성이나 효과성 및 사업간 예산분배의 형평성 등을 고려하여
참석자 2 : 2018년도 서울특별시 교육비 특별회계 예산안을 수정하고자 합니다.
참석자 2 : 에 2018년도 서울특별시 교육비 특별회계 예산안의 총 규모는
참석자 2 : 9조 1513억 원으로 당초 서울시 교육감이 제출한 예산안보다 485억 원이 증액된 것으로
참석자 2 : 세입예산에서 485억 원을 증액하고 세출예산에서 270억 원의 감액 및 755억 원의 증액된 것입니다.
참석자 2 : 수정안의 주요 내용을 간략히 말씀드리면 세입은 서울시 예산안 심의과정 중 삭감된 조례예산 전출금 60억 원을 연동하여 감액 반영하였고
참석자 2 : 당초 교육청 예산안에 반영해 누락된 도서관 운영비 지원금 29억 원과 순세계잉여금 516억 원 증액분을 반영하여
참석자 2 : 총 485억 원을 증액 조정하는 것입니다.
참석자 2 : 세출은 서울시 조례상 전출금 삭감에 따라 노후급식 시설개수비 60억 원과 이월이 예상되는 학교시설 사업비 일부 및
참석자 2 : 타당성이 부족한 그동안 일부 교육사업비 210억 원 등 270억 원을 감액하고
참석자 2 : 교육환경 개선을 위한 학교시설 사업비 575억 원과 교육활동을 지원하는
참석자 2 : 교육사업비 팔십억 원 등 755억 원을 증액하는 것입니다.
참석자 2 : 2018년도 서울특별시 교육청 기금 운용 계획안은 당초 교육감이 제출한 원안과 같습니다.
참석자 2 : 2018년도 서울특별시 교육 학교안전공제 및 사고예방 기금 운용 계획안은 2018년도 교육청 예산안 심사 결과
참석자 2 : 학교안전 공제의 지원이 공제로 일괄 납부 사업이 5억 원 감액됨에 따라 공제료 수입과 예치금을 5억 원 감액하는 수정안을 마련하였습니다.
참석자 2 : 2017년도 서울특별시 교육청 기금 운용 계획안 변경안은 당초 교육감이 제출한 원안과 같습니다.
참석자 2 : 자세한 내용은 배부해드린 유인물을 참고해 주시기 바라며 아무쪼록 심사조정한 수정안대로
참석자 2 : 만장일치로 동의하여 주실 것을 부탁드립니다 감사합니다.
참석자 1 : 부위원장님의 수정안에 대해 재청 있으십니까?
참석자 1 : 예 재청이 있으므로 의제로 성립되었음을 선포합니다.
참석자 1 : 의결에 앞서서 지방자자치법 제127조 제3항 등에 따라 지출예산 각 항의 금액을 증가하거나 새로운 비용 항목을 설치할 경우에는 교육감의 동의가 필요합니다.
참석자 1 : 교육감을 대리하여 기획조정실장이 나오셔서 수정안에 대하여 동의여부를 말씀해 주시기 바랍니다.
참석자 3 : 예 수정안에 대해서 동의합니다.
참석자 1 : 예 예 집행부에서 수정안에 대해 동의하셨습니다.
참석자 1 : 그러면 예산안과 기금안에 순서로 의결을 진행하겠습니다 먼저 의사일정 제1항 2018년도 서울특별시 교육비 특별회계 예산안 수정안에 대하여 수정된 부분은 수정안대로
참석자 1 : 그 외 부분은 원안대로 의결하고자 하는데 위원 여러분 이의 없습니까?
참석자 1 : 예 이의가 없으므로 2018년도 서울특별시 교육비 특별회계 예산안 수정안을 가결되었음을 선포합니다.
참석자 1 : 다음은 의사일정 제2항 2017년도 서울특별시 교육청 기금 운용 계획 변경안에 대하여 집행부에서 제출한 원안대로 의결하고자 하는데 위원 여러분 이의 없습니까?
참석자 1 : 예 이의가 없으므로 2018년도 서울특별시 교육청 기금 운용 계획 변경안은 가결되었음을 선포합니다.
참석자 1 : 다음은 의사일정 제3항 2018년도 서울특별시 교육청 기금운용 운영 계획안에 대하여 집행부에서 제출한 원안대로 의결하고자 하는데 위원 여러분 이의 없습니까?
참석자 1 : 예 이의가 없으므로 의사일정 제3항 2018년도 서울특별시 교육청 기금 운용 계획안은 가결되었음을 선포합니다.
참석자 1 : 다음은 의사일정 제4항 2018년도 서울특별시 학교안전공제 및 사고예방 기금 운용 계획안 수정안에 대하여 수정된 부분은 수정안대로
참석자 1 : 그 외 부분은 원안대로 의결하고자 하는데 위원 여러분 이의 없습니까?
참석자 1 : 예 이의가 없으므로 2018년도 서울특별시 학교안전공제 및 사고예방 기금 운용 계획안 수정안을 가결되었음을 선포합니다.
참석자 1 : 아 위원 여러분 그리고 집행부 관계 공무원 여러분 수고 많이 하셨습니다.
참석자 1 : 집행부 관계 공무원 여러분께서는 오늘 우리 위원회에서 심사 의결한 교육청의 예산과 기금을 내실 있게 운영하여 소중한 재원이 낭비되지 않도록 각별히 노력하여 주시고
참석자 1 : 교육환경 환경을 개선하고 양질의 교육이 제공될 수 있도록 최선을 다해 주시기 바랍니다.
참석자 1 : 이상으로 교육청 예산안에 대한 의결을 마치고 잠시 정회한 후에 서울시 예산안에 대한 의결을 진행하겠습니다.
참석자 4 : 정말 애써 주신 우리 박준영 위원장님 그리고 우리 문영민 우리 부위원장님 정재현 부위원장님 그리고 계수위원님들 고생 많으셨고요.
참석자 4 : 제가 우리 기조실장님한테 하나 확인할 게 1 있어서 그럽니다 어떤 거냐면 제가 예결위 질문할 때 우리 학교급식에 우리 설문조사 하기로 했잖아요.
참석자 4 : 실장님도 어 답을 오케이 했고 그때 국장님 오케이 했는데 여기 예산에 빠져있다고 그러는데 이걸 어떻게 대안을 가지실래요?
참석자 4 : 그럼 이거 끝나고 저랑 얘기하실래요?
참석자 3 : 네 그렇게
참석자 4 : 예 지금 속기록에 남겼습니다 네 감사합니다.
참석자 1 : 예 또 다른 위원님 없으십니까?
참석자 1 : 예 없으시면 이것으로 마치도록 하고요.
참석자 1 : 잠시 쉬었다가 다시 회의를 속개하도록 하겠습니다 정회를 선포합니다."
라파엘의집 업무보고 회의,20150624,3,"참석자 1 : 의석을 정돈하여 주시기 바랍니다.
참석자 1 : 오늘은 서울시 노인 및 장애인 관련 시설에 대한 행정사무감사에 앞서 2016년도 보건복지위원회 행정사무감사 증인 출석요구의 건에 대해 먼저 처리하도록 하겠습니다.
참석자 1 : 성원이 되었으므로 제271회 정례회 보건복지위원회 제1차 회의를 개의하겠습니다.
참석자 1 : 의사일정 제1항 2016년도 보건복지위원회 행정사무감사 증인 출석 요구의 건을 상정합니다.
참석자 1 : 존경하는 선배 동료 의원 여러분 그리고 이 자리에 참석하신 노인 및 장애인 관련 시설 수탁법인 측 대표 및 시설장을 비롯한 관계자 여러분 반갑습니다.
참석자 1 : 연일 계속되는 행정사무감사로 우리 위원님들 수고가 많으십니다.
참석자 1 : 그리고 시설장을 비롯한 관계직원 여러분들 행정사무감사 수감 준비를 위해서 그동안 노고가 많으셨습니다.
참석자 1 : 이어서 업무 보고에 들어가도록 하겠습니다.
참석자 2 : 일반 현황에 대해서 말씀드리도록 하겠습니다. 먼저 설립 배경은
참석자 2 : 시립 서울노인복지센터는 노인문화에 중심지인 탑골공원 성역화 사업에 따라 노인문화발전과 노인 문제 해결을 위한
참석자 2 : 노인 복지공간으로 2001년 서울특별시가 설립하고 사회복지법인 대한불교조계종 사회복지 재단이 위탁받아 운영하고 있는 노인 전문 사회복지 기관입니다.
참석자 2 : 어 시설 현황은 자료로 대신하도록 하겠습니다.
참석자 2 : 어 다음 3페이지에 있는 조직 및 인력에 대해 말씀드리겠습니다.
참석자 2 : 어 저희 서울노인복지센터는 어 2부 1부설 14팀에 57명의 직원들이 근무하고 있습니다.
참석자 2 : 다음 운영 법인은 사회복지 법인 대한불교조계종 사회복지 재단이라 이거는 자료로 대체하도록 하겠습니다.
참석자 2 : 먼저 저희 서울노인 다음 6페이지에 있는 저희 서울노인복지센터 운영 방향에 대해서 말씀드리겠습니다.
참석자 2 : 저희 서울노인복지센터는 음 더 이상한 복지관 선배 시민의 열정으로 복지 공동체 서울을 만들어 갑니다라는 미션을 가지고
참석자 2 : 어 선배 시민이 참여하고 배우고 나누는 광장 서울노인복지센터라는 비전을 어 실천하고 있습니다.
참석자 2 : 어 운영 핵심 운영사업에 대해서는 16년 핵심 운영사업에 대해서는 12페이지로 넘어가서 말씀드리도록 하겠습니다.
참석자 2 : 12페이지에 나오는 도식을 보고 말씀드리겠습니다.
참석자 2 : 저희 올해 16년 서울노인복지센터는 노인 선배 시민이라는 키워드를 가지고 노년의 일상 배우고 익히며 배려하다 노년의 문화
참석자 2 : 선배 시민의 이야기를 하다 노년의 삶 참여하다 노년의 성찰 삶과 삶이 마주하다 노년의 권익 이상한 실험하다
참석자 2 : 노년의 꿈 종로에서 펼치다 노인복지의 실천을 연구하다
참석자 2 : 노인의 빈곤 내일로 말하다라는 핵심사업을 가지고 어 사업을 진행하고 있습니다.
참석자 2 : 다음 13페이지에 있는 예산 및 집행에 관하여 말씀드리겠습니다.
참석자 2 : 먼저 2016년 예산은 58억 4700여만원에 예산을 가지고 음 보조금 43억 5440
참석자 2 : 칠만이천 원 2000원을 비롯한 어 표에 나와있는 음 예산대로 운영하면서 현재 집행 현황은
참석자 2 : 어 2016년 9월말 현재 42억 1317만 7000원으로 72.1프로의 집행을 하였습니다.
참석자 2 : 다음 48페이지 특과 사업 공유 부엌에 대해서 말씀드리겠습니다.
참석자 2 : 어르신들이 이용하는 시간을 제외한 저녁과 주말 시간에 요리교실을 지역 주민과 함께 할 수 있는 공유 부엌으로 개방해
참석자 2 : 다양한 세대가 한 공간에서 모여서 함께 먹고 이야기하고 나누는 행위를 진행함으로써 지역사회에 1인 가구가 처한
참석자 2 : 외로움에 대한 공감과 노인세대가 가진 경험과 이야기를 풀어내는 지역사회공동체 활동을 목적으로 하면서 먼저 어
참석자 2 : 공유 부엌에는 어 요리교실을 통하여 어르신들이 가지고 있는 생활의 저 지혜라든지 경험을 젊은 세대와 함께 나누는 사업을 하고 있습니다.
참석자 2 : 다음 아 그럼으로 해서 어 우리 이 특화사업의 그 공유 부엌은 어 인생 및 사경에 대한 긍정적 의미를 부여해서
참석자 2 : 어르신들은 자존감을 높이고 또 지역에 있는 어 청년이나 뭐 지역주민들한테는 어르신에 대한 이미지를 제고시키는 그런 역할을 하고 있습니다.
참석자 2 : 더불어서 선배 노인이 선배 시민으로서 공유의 가치를 반영할 수 있는 사회복지 프로그램에 모델화를 기획하고 있는 사업입니다.
참석자 2 : 이상으로 서울노인복지센터 주요 업무 보고를 마치도록 하겠습니다. 감사합니다.
참석자 1 : 수고하셨습니다. 다음은 마포 노인 중앙복지관 법인 대표 나오셔서 본인 및 시설장을 소개하고 업무보고는 시설장이 해주시기 바랍니다.
참석자 3 : 예 안녕하십니까? 서울 시립 마포노인복지관을 위탁 운영하고 있는 사회복지법인 이랜드 복지 재단 이사장 이경진 입니다.
참석자 3 : 어 존경하는 박양숙 위원장님 그리고 보건복지위원회 위원님 이 자리를 빌어서
참석자 3 : 어 서울시 발전과 노인복지 향상을 위해 늘 애쓰시는 위원님들께 감사의 말씀을 드립니다.
참석자 3 : 앞으로도 위원님들의 기대에 부응토록 이랜드 복지 재단 산하 시립마포노인복지관 어 마포노인종합복지관 전 직원들은
참석자 3 : 합심해서 최선을 다할 것을 약속드립니다.
참석자 3 : 저희 법인이 운영하고 있는 서울 시립마포노인종합복지관 관장을 소개해 드리겠습니다.
참석자 1 : 대표 수고하셨습니다."
보건복지위원회 복지정책 및 재단 운영관련 회의,20190227,3,"참석자 1 : 의석을 정돈하여 주시기 바랍니다. 성원이 되었으므로 제285회 임시회 보건복지위원회 제2차 회의를 개의하겠습니다.
참석자 1 : 존경하는 보건복지위원회 위원 여러분 그리고 이 자리에 참석하신 복지정책실장과 서울시복지재단 및 서울시 50 플러스재단 대표를 비롯한
참석자 1 : 공무원과 재단 관계자 여러분 건강한 모습으로 다시 뵙게 되어 반갑습니다. 그동안 서울시는 서울시민복지기준 서울령 기초보장제도
참석자 1 : 찾아가는 동 주민센터 자산형성 사업 사업 어 자산형성 자원사업 등 선제적으로 앞선 복지 정책을 발굴하고 진행함으로써 집행함으로써
참석자 1 : 중앙정부와 타 지방자치단체의 정책을 견인할 정도로 주목을 받아왔습니다.
참석자 2 : 어 존경하는 부위원장님 그리고 부위원장님 그리고 보건복지위원회 위원님 여러분 복지정책실장입니다.
참석자 2 : 작년 한 해 보건복지위원회 위원님들의 진심 어린 관심과 지도로 추진 업무를 잘 마무리 할 수 있었습니다.
참석자 2 : 금년 한 해도 저희 복지정책실에서는 시민 삶의 현장에서 소외되고 차별받는 사람이 없도록 민생을 책임지는 정책을 추진하겠습니다.
참석자 2 : 우선 취약계층을 포함한 시민 누구나 일상에서 원하는 복지 서비스를 누릴 수 있는 지역사회 중심의 돌봄을 실행하여 복지 체감도를 제고하겠습니다.
참석자 2 : 또한 어르신들 1분 1분이 건강하고 행복한 노년을 보낼 수 있도록 세심한 노력을 기울이겠습니다. 아 마지막으로
참석자 2 : 복지정책실 예산전용 보고 사항이 되겠습니다. 102쪽 및 103쪽 기초생활수급자 생계급여 및 저소득 시민 부가 급여 예산전용 보고 사항이 되겠습니다.
참석자 2 : 부양의무자 기준 완화로 인한 수급자 증가로 서울형 기초보장사업에 7억 원 사회복지담당공무원 급여지원사업에서 2억 3400만 원을 각각 전용하였습니다.
참석자 2 : 또 104쪽 어 서울형 복지전달체계 구축 예산전용 보고입니다. 서울시 찾아가는 복지 UCC 공모전 수상작에 대한 시상금 지불을 위해서
참석자 2 : 서울형 복지전달제체계 구축 사업 사무관리비 800만 원을 전용하였습니다. 다음 105쪽이 되겠습니다.
참석자 2 : 기초생활보장 사각지대 어르신 지원사업 예산전용 보고입니다. 장기 요양급여 이용 시 부담해야 하는 저소득 어르신의 본인 부담금을 지원하는 사업으로
참석자 2 : 2018년도 신청 인원 증가에 따른 부족 예산을 확보하기 위해서 재가노인복지시설 운영사업에서 2800만 원 전용하였습니다.
참석자 2 : 이상으로 복지정책실의 업무보고 보고 사항에 대한 보고를 마치도록 하겠습니다. 감사합니다.
참석자 3 : 안녕하십니까? 서울시복지재단 대표이사입니다. 존경하는 위원장님 보건복지위원회 위원님 2019년 처음 열리는 상임위에서 금년도 서울시복지재단 주요 업무 보고를 드리고
참석자 3 : 위원님의 고견을 재단정책과 사업에 반영할 수 있는 기회를 주셔서 매우 뜻깊게 생각합니다. 지난 한 해 동안 우리 재단의 민선 7기의 서울시 복지정책 개발
참석자 3 : 복지 시정의 공공성 강화를 위한 충실한 조력자가 되고자 최선을 다 했습니다. 그 결과 우리 재단의 많은 연구가 서울시 사업의 기초 자료로 활용되거나 시범 사업에 반영되었습니다.
참석자 3 : 또한 금융복지상담센터의 가계부채 1조 원 면책 지원 이룸통장 등이 시민들께 큰 호응을 받았습니다.
참석자 3 : 올해에도 우리 재단은 위원님들의 고견을 받들어 연구와 사업 수행 전 분야에서 서울시 복지 시정을 충실히 지원하고자 최선을 아 다 해 노력하겠습니다.
참석자 3 : 오늘 업무 보고 과정에서 재단의 소관 업무나 사업 계획 중 개선할 사항이나 귀중한 조언을 주신다면 적극 반영해 나가도록 하겠습니다.
참석자 3 : 아 재단법인 서울시복지재단 정관 일부 개정 정관안에 대해 보고 드리겠습니다. 서울시복지재단 정관 일부 개정 정관안은 지난 해 7월 17일
참석자 3 : 보건복지부의 정관 변경 허가 조건을 반영하여 특히 올해 1월 통보된 서울시의 출연기관 임원 연임 개선 계획을 반영하여 개정 보완하는 것입니다.
참석자 3 : 서울시복지재단 정관 일부 개정 정관안의 주요 내용을 간단히 보고 드리면 다음과 같습니다. 첫 번째 보건복지부의 정관 변경 허가 조건을 반영하여
참석자 3 : 임원 명칭을 상임 비상임으로 통일하고 근로자 이사 최초 선임 내용을 추가하며 기타 허가 조건을 명확하게 반영하는 것이며 둘째
참석자 3 : 서울시의 개선 요구 사항을 반영하여 임원의 연임 기간을 3년 단위에서 1년 단위로 개정하는 것입니다.
참석자 3 : 아 기타로 각종 띄어쓰기와 법령 유형 표시 방법 및 일부 자구 수정을 통해 정관을 명확하게 하는데 있습니다.
참석자 3 : 자세한 내용은 정관 개정안 보고 자료를 참고하여 주시기 바랍니다. 이상으로 보고 마치겠습니다."
복지정책실 예산안 검토 회의,20201123,3,"참석자 1 : 네 의석을 정돈하여 주시기 바랍니다. 성원이 되었으므로 제 298회 정례회 보건복지 위원회 제 2차 회의를 개의하겠습니다.
참석자 1 : 존경하는 보건복지 위원회 여러분 그리고 이 자리에 참석하신 국제 정치 실장 복지 기획관을 비롯한 공무원 여러분 반갑습니다.
참석자 1 : 오늘은 예산이 보수된 일부 개정 조례안 1건을 심사한 후.
참석자 1 : 2021년도 복지 정책시 소관 예산안 및 기금 운영 계획안을 심사하겠습니다.
참석자 1 : 제출된 2021년도 복지 정책시 소관 어 세출예산안은 찾아가는 동 주민 센터 돌봄 에스오 센터 등 저소특 층의 기초 생활 보장과.
참석자 1 : 복지 서비스 통한 전달 체계 개선을 위한 정책 사업에 2조 7630억 원 어르신 복지 맞춤형 복지 위한.
참석자 1 : 정책 사업에 2조 8962원 등 전년 대비 1756억이 증액된 8조 3622억 원이 제출 되었습니다.
참석자 1 : 코로나 일구 장기화가.
참석자 1 : 사회에 미친 영향과 관련하여 지난 19일 통계청이 발표한 2020년도 3분기 가계 동향 조사 결과에 따르면.
참석자 1 : 고용 불안정화 계층에 되는 상황입니다.
참석자 1 : 위원님 여러분 오늘 복지 정책시 소관 예산 심의회에서는.
참석자 1 : 코로나 일구 장기화에 따른 저소득 주민의 생활 안정 지원 취약계층에 대한 사회 보장 급여 제원 확보.
참석자 1 : 어르신 복지 서비스 제공 등 다양한 주제와 현안에 대한 논의가 필요할 생각합니다.
참석자 1 : 위원님 여러분께서는 시민의 세금이 적재 적소에 사용할 수 있도록 정말로 필요한 사업인지 필요한 사업이 누락되거나 하지 않았는지.
참석자 1 : 꼼꼼히 살펴봐 주시기 바랍니다.
참석자 1 : 그러면 오늘의 의사일정에 들어가겠습니다.
참석자 1 : 의사 일정 제 1항 서울 특별시장이 제출한 서울 특별시 장년층 인생 이모작 지원에 관한 조례 일부 개정 조례안을 상정합니다.
참석자 1 : 복지 정책 실장 나오셔서 제안 설명해주시기 바랍니다.
참석자 2 : 복지 정책 실장입니다.
참석자 2 : 서울 특별시 장년 층 인생 이모작 지원에 관한 조례 일부 개정 조례안에 대한 제안 설명을 드리겠습니다.
참석자 2 : 의안 번호 제 1991호 서울 특별시 장년 층 인생 이모작 지원에 관한 조례 일부 개정 조례안은.
참석자 2 : 조례 내에 서울시 50 플러스 캠퍼스 시설 목록에.
참석자 2 : 2020년 11월 27일에 개관 예정인 서울시 50 플러스 캠퍼스를 추가하고.
참석자 2 : 서울시 50 플러스 서북 캠퍼스에 통일로 62길 7로 현행화하는 것입니다.
참석자 2 : 관련 조례 내 서울시 인생 이모작 지원 시설에 명확한 근거 마련을 위한 사항으로.
참석자 2 : 원안 대로 의결해주시면 감사하겠습니다.
참석자 2 : 이상 제안 설명을 마치겠습니다.
참석자 1 : 네 복지 정책실장 수고하셨습니다. 다음은 수석 전문 위원 검토 보고 순서이나 간담회 과정에서 충분히 논의 되었기 때문에.
참석자 1 : 기 배부해드린 서면으로 가름하겠습니다.
참석자 1 : 다음은 질의 답변을 진행하겠습니다. 질의 하실 의원님께서는 발언신청해주시기 바랍니다.
참석자 1 : 질의하실 의원님 계십니까?
참석자 1 : 질의하실 의원님이 안 계시므로 질의 답변을 모두 마치겠습니다.
참석자 1 : 의사일정 제 1항 서울 특별시 장년층 인생 이 모작 지원에 관한 조례 일부 개정 조례안을.
참석자 1 : 원안대로  하고자 하는데 위원님 여러분 이의 없으십니까?
참석자 1 : 네 이의가 없으므로 가결 되었음을 선포합니다.
참석자 1 : 복지 정책 실장 나오셔서 제안 설명 해주시기 바랍니다.
참석자 3 : 복지 정책 실장입니다.
참석자 3 : 존경하는 보건복지 위원회 위원님 여러분 서울 시민의 복지 증진과 시정 발전을 위해.
참석자 3 : 불철주야 애쓰시는 위원님들께 깊은 감사의 말씀을 드립니다.
참석자 3 : 2021년도 복지 정책실 소관 예산안 및 기금 운영 계획안에 대한 제안 설명을 드리고.
참석자 3 : 위원님들의 고견을 시정해 적극 반영할 수 있는 기회를 갖게 된 것을 매우 뜻깊게 생각합니다.
참석자 3 : 2021년도 복지 정책실 예산안은 사람 중심의 촘촘한 복지 시정으로 서울 시민의 삶의 질을 개선하고.
참석자 3 : 더 나아가 내 삶을 지키는 서울 복지 구현을 목표로 편성하였습니다.
참석자 3 : 먼저 법정 복지 서비스의 차질없는 추진을 위하여 기초 연금.
참석자 3 : 기초 생활 수급자 급여 의료 급여 등.
참석자 3 : 국비 매칭 사업 예산을 충실히 반영하였습니다.
참석자 3 : 또한 코로나 일구 장기화로 어려움을 겪고 있는 서울 시민이 돌봄의 빈자리를 느끼지 않도록.
참석자 3 : 돌봄 SOS 센터를 25개 자치구에서.
참석자 3 : 본격적으로 운영할 계획입니다.
참석자 3 : 아 서울 특별시 사회 서비스 또한 운영 기반을 다지는 데 집중하여.
참석자 3 : 지속 가능한 운영 모델을 적립하는 한편.
참석자 3 : 서울형 긴급복지 지원.
참석자 3 : 서울형 기초 부장 제도 운영 등으로.
참석자 3 : 틈새 없는 복지 체계를 구축하도록 하겠습니다.
참석자 3 : 또한 좋은 일자리가 좋은 복지인 만큼 어르신과 장애인 노숙인 일자리를 확대하고자 하며 장애인이.
참석자 3 : 시설에서 나와 지역사회에서 자유롭고 편안하게 생활할 수 있도록.
참석자 3 : 주거지원 활동 보조 생활 이동 지원 등 다방면의 지원 사업을 추진하고자 예산을 편성하였습니다.
참석자 3 : 아 복지 정책실이 추진하는 정책이 보다 효율적으로 결실을 맺고.
참석자 3 : 시민 여러분들께서 체감하실 수 있도록.
참석자 3 : 위원님들의 많은 관심과 격려를 부탁드립니다.
참석자 3 : 그럼 2021년도 복지 정책실 예산안에 대하여 설명 드리겠습니다.
참석자 3 : 먼저 세입 예산안 입니다.
참석자 3 : 세입 예산은 총 5조 2151억 1700만 원으로.
참석자 3 : 2020년 최종 예산 대비 3088억 2500만 원이 증액 편성되었습니다.
참석자 3 : 아 세입 예산안의 주요 증액 사유는 기초연금 의료 급여 사업 기초 생활 수급자 급여 등.
참석자 3 : 국고 보조금 수입 1962억 원 증가와 시립 승하원 사용료 수입 등.
참석자 3 : 사업 수입 14억 원 증가 입니다.
참석자 3 : 현황 관리 기금 주요 사업비는 152억 6800만 원으로.
참석자 3 : 이재민  5000만 원 의료 및  지원에 119억 9800만 원 그리고 무더위 쉼터 냉방비 지원에 23억 2000만 원 등입니다.
참석자 3 : 아 이상으로 2021년도 기금 운영 계획안에 대한 설명을 마치겠습니다.
참석자 3 : 존경하는 이영실 의원장님 그리고 김한석 부원장님 부위원장님 그리고 보건 복지 위원회 위원님 여러분.
참석자 3 : 2021년도 복지 정책실 예산안 및 기금 운용 계획안은.
참석자 3 : 방금 보고 드린 바와 같이 서울 시민의 복지 증진을 위하여 반드시 필요한 예산으로 편성하도록 노력하였습니다.
참석자 3 : 아 길어지는 코로나 위기 상황에 지쳐가는 서울 시민을 위해 복지 최 전선을 구축한다는 마음으로 돌봄 일자리 생계 지원 등.
참석자 3 : 필수적인 사업을 우선적으로 하고자 하오니 위원님들의 아낌없는 조언을 부탁드립니다.
참석자 3 : 심의 과정에서 주신 의견은 운영에 적극 반영하도록 하겠습니다.
참석자 3 : 의결 의결에 또한 의결해 주시는 2021년도 예산안 및.
참석자 3 : 기금 운영 계획안 추진에 차질이 없도록 최선의 노력을 다하겠다는 약속을 드립니다.
참석자 3 : 앞으로도 위원님 여러분의 변함없는 관심과 기도를 부탁드리며 이상으로 제안 설명을 모두 마치겠습니다. 감사합니다.
참석자 1 : 네 복지 정책 실장 수고하셨습니다."
서울시 여성 아동 외국인 관련시설 소관사항 회의,20181106,3,"참석자 1 : 지금부터 지방자치법 제 41조와 같은 법 시행령 제 39조부터 제 52조까지 그리고 서울특별시
참석자 1 : 행정사무감사 및 조사에 관한 조례에 따라 서울특별시 여성 아동 외국인 관련 시설 소관사항에 대한 2018년도
참석자 1 : 행정사무감사 실시를 선언합니다.  존경하는 보건복지위원회 위원 여러분 그리고 이 자리에 참석하신 서울시 여성 아동 외국인 관련시설 수탁법인 측 대표와
참석자 1 : 시설장을 비롯한 관계자 여러분 반갑습니다. 오늘 실시하는 행정사무감사는 시민의 대표기관인 의회가 서울시 행정전반에 대해서
참석자 1 : 포괄적이고 면밀한 감사를 실시함으로써  자의적이고 위법부당한 행정처리가 있었는지를 지적하여
참석자 1 : 시정토록하고 올바른 정책방향을 제시하는 데그목적이 있다고 하겠습니다. 센터장 어 서울여성 공인센터 더 아리움 소관업무 보고를 해주십시오.
참석자 2 : 예. 고맙습니다. 서울여성공익센터는 2017년 5월에 개관한 신생공간입니다. 노원구 공릉동에 소재하고 있는 옛 리모델링한 공간으로
참석자 2 : 여성특화영역인 공예와 핸드메이드로 여성의 사회참여와 창업을 전문적으로 지원욕성하는 복합공간으로 어 전국최초로 만들어졌습니다.
참석자 2 : 오늘 행정감사를 통해 지금까지 추진해온 소관업무중 개선하고 보완할 사항에 대해 폭넓은 고견을 주시면 문제점을 개선하고 내년도 사업추진에 적극반영하도록 하겠습니다.
참석자 2 : 지금부터 주요업무를 보고 드리겠습니다.  서울여성공익센터 업무보고는 일반현황
참석자 2 : 2018년 비전 전략 체계 2018년 주요 업무 추진 현황 순으로 말씀드리도록 하겠습니다.
참석자 2 : 지역 재생 사업은 창작 창업 어 지원공간 운영사업과 시민참여 이제 활성화사업으로 구성되어있습니다. 38쪽 창작 창업지원공간 운영입니다.
참석자 2 : 1층 공간은 그 시민과 지역주민을 위한 공간입니다. 그래서 생활창작공간 시라는 창작공간과 커뮤니티 카페 이제 공연마당 등 3개 공간으로 구성 되어있는데 여기에서
참석자 2 : 일상적으로 이제 지역민과 이제 시민을 위한 그 창작 프로그램들을 운영하고 있습니다. 그리고 기타 이제 지역특성에 맞게 다양한 문화프로그램을  진행하고 있으며 전체예산
참석자 2 : 1억 3100여만 원입니다.  다음으로 시민참여활성화사업입니다.
참석자 2 : 그 1층 공연마당과 그 야외 그 여유공간 광장을 활용해서 다양한 시민과 공예가들이 참여할 수 있는 마켓을 운영하는 사업입니다. 그리고 더불어서
참석자 2 : 그 공예와 창작에 관심있는 시민과 기관들을 위한 프로그램들을 상시운영하는 사업들을 이제 진행하고 있습니다. 전체예산은 이제 9000여만 원입니다.
참석자 2 : 현재 이제 매달 진행하고 있는 있습니다. 이상으로 서울여성공익센터 아리움 주요 업무보고를 마치도록 하겠습니다. 죄송합니다. 고맙습니다.
참석자 3 : 안녕하십니까? 서울시 육아종합지원센터장 입니다. 서울시 육아종합지원센터는 서울의 건강한 보육과 양육문화를 만들어가는 육아전문 허브기관이 되기 위해 노력하고 있습니다.
참석자 3 : 존경하는 보건복지위원회 위원장님과 부위원장님 그리고 여러 보건복지위원님들의 아낌없는 지도편달을 부탁드리며 업무보고를 시작하겠습니다. 보고는 일반현황
참석자 3 : 2018년 비전 및 전략 체계 18년 주요 업무추진 현황순으로 말씀 드리겠습니다.
참석자 3 : 영유아를 양육하는 아버지에게 강의형 또는 체험형의 교육을 진행하여 아버지 양육에 영향을 강화시키고 자녀와 친밀감을 형성할 수 있도록 지원하는 사업입니다.
참석자 3 : 9월말 기준으로 949명의 아버지들이 강의형 교육에 참여했습니다. 예산은 9997만 4000원 중 8506만 원을 집행했습니다.
참석자 3 : 30페이지에 홍보사업입니다. 31페이지 홍보 및 온라인 지원입니다.
참석자 3 : 뉴스레터 어 블로그 페이스북, 카카오 플러스, 인스타그램 등 SNS에 홍보매체를 통해 수요자들에게 맞춤형 양교육정보를 제공하고
참석자 3 : 어 홍보하였는데 SNS를 통해서 473건의 정보 제공과 또 4일간의 국제유아교육 박람회를 참여해서 2800명의
참석자 3 : 부모에게 서울시 보육정책과센터의 육아사업을 홍보하였습니다. 예산은 1104만 원중 881만 원을 집행하였습니다. 이상입니다. 감사합니다."
서울시복지재단 행정 감사 회의,20181122,3,"참석자 1 : 의석을 정돈하여 주시기 바랍니다. 지금부터 지방자치법 제 41조와 같은 법 시행령 제 39조부터 제 52조까지
참석자 1 : 그리고 서울특별시 행정사무감사 및 조사에 관한 조례에 따라 서울시 복지 재단 및 장애인 자활 관련 시설
참석자 1 : 소관사항에 대한 2018년도 행정사무감사를 선언합니다.
참석자 1 : 잠시 기관 대표들의 출석 이석에 대한 말씀을 드리겠습니다.
참석자 1 : 본격적인 행정사무감사가 진행되기에 앞서서 행정사무감사에 출석하신 기관장과 증인들에 대해 당부의 말씀을 드립니다.
참석자 1 : 서울시 복지 재단 대표나 오셔서 간부 소개 후 업무보고를 해주시기 바랍니다.
참석자 2 : 안녕하십니까? 서울시 복지 재단 대표이사입니다. 존경하는 위원장님 보건 복지회 위원회님 제가 서울시 복지 재단 대표이사에 임명된 후
참석자 2 : 처음 맞이하는 시의회 행정사무감사 석상에서 금년도 우리 재단에 주요업무추진실적을 보고드릴 수 있는 기회를 주셔서 매우 뜻깊게 생각합니다.
참석자 2 : 올해도 우리 재단은 위원님들의 고견을 받들어 연구와 사업 수행의 전분야에서 서울시의 복지시정을 충실히 지원하고 자 노력하고 있습니다.
참석자 2 : 특히 민선 7기를 맞이하면서 사회서비스의 공공성을 강화하고 복지사각지대를 해소하려는 서울시 복지정책에 대한 전국적인 관심이 높습니다.
참석자 2 : 서울시가 대한민국 복지를 선도할 수 있는 혁신의 기회를 시기를 맞이하여 우리 재단은 서울시 복지의 싱크탱크로서 맡은 바 역할을 충실히 수행해 나가겠습니다.
참석자 2 : 존경하는 위원장님 그리고 보건복지 위원회 위원님 우리 재단은 정책 추진 과정에서 위원님들의 고견을 항상 경청하고 있습니다.
참석자 2 : 오늘 업무보고에서도 우리 재단의 소관 업무나 사업 계획 중 개선할 사안이나 귀중한 조언을 주신다면 적극 반영해 나가도록 하겠습니다.
참석자 2 : 기능보강 및 교육 공유 등 지원 사업입니다.
참석자 2 : 기능보강사업은 건축기계전기 등 분야 별 전문 심사를 거쳐 예산의 중복지원과 낭비요소를 최소화하고 노후시설에 안전성을 확보하여
참석자 2 : 시설 환경개선 및 서비스 질 개선에 효과적으로 예산을 집행하도록 노력하고 있습니다.
참석자 2 : 복지현장에서 필요한 사람 지식 정보 등 복지자원을 공유하기 위한 공유 복지플랫폼은 지식공유 활동과 서포터스 등을 통해 복지현장이 지식과 경험을 공유하고
참석자 2 : 주제별 대상별 네트워크를 형성해 사람 중심의 교류를 활성화하고 있습니다.
참석자 2 : 끝으로 25쪽부터 90쪽까지 금년도 부서별 주요업무내용을 정리하였습니다. 양해해 주신다면 서면 보고로 가름토록 하겠습니다.
참석자 2 : 서울시 복지 재단은 앞으로도 변화하는 복지환경에 적극적으로 대응하여 서울시민에게 감동을 줄 수 있도록 노력하겠습니다.
참석자 2 : 이상 업무보고를 마치겠습니다. 경청해 주셔서 감사합니다.
참석자 3 : 안녕하십니까? 서울 시립 종합복지관 관장 어 종합복지관 주요업무보고 2018년 주 업무보고를 드리도록 하겠습니다.
참석자 3 : 어 우리 복지관은 서울시 노원구 상계동에 위치해있습니다. 98년에 개관해서 올해로 20년을 현재 맞이하고 있습니다.
참석자 3 : 우리 복지관은 생애 주기별로 다양한 복지사업을 전개하고 있습니다. 장애인이 행복한 그리고 이사님께서도 말씀하셨지만 장애인이 주체적인 복지관이 되도록
참석자 3 : 어 혼신의 노력을 다하고 있습니다. 주요 현황에 대해서 먼저 보고드리겠습니다.
참석자 3 : 아 시설 규모는 연 면적 지하 1층 지상 2층으로 현재 구성되어 있습니다.
참석자 3 : 아 그리고 현재 1개 층을 증축공사 현재 하고 있고요.
참석자 3 : 3층이 완공이 되면 약 한 400평 정도가 공간이 확보될 예정입니다
참석자 3 : 어 수직증축을 하게 되면 약 400평 정도가 확보되는데요. 이 공간은 발달장애인을 위한 특화된 공간으로 어 설치 운영할 예정입니다.
참석자 3 : 아 장애 아동의 재활치료 그리고 성인 중증 발달장애인 활동 프로그램 실 그리고 발달장애인의 직무교육 어 평생교육 아카데미 등
참석자 3 : 발달장애인의 생애 주기별 서비스를 추진하고자 합니다.
참석자 3 : 어 현재 고객들의 안전을 최우선으로 두고 있고 안정적인 프로그램 제공을 위해서 인근 유관기관에 도움을 받아서 서비스를 중단 없이 현재진행하고 있습니다.
참석자 3 : 아 공사가 완료될 때까지 각별히 고객의 안전과 그리고 지역주민들의 민원이 발생하지 않도록 각별히 유의하도록 하겠습니다.
참석자 3 : 아 이렇게 좋은 공간을 마련할 수 있도록 배려해 주신 우리 서울시와 우리 서울시의회의 보건복지 위원회 위원장님 그리고 위원님들께 다시 1번 감사의 인사를 드리겠습니다.
참석자 3 : 어 우리 복지관은 지역사회에 복지허브로서의 기능을 강화하고 지역사회와 더욱 소통하는 복지관이 되도록 하겠습니다.
참석자 3 : 특히나 어 서울시의 장애인 복지 발전에 기여하는 동반자로서의 역할을 더욱더 공고히 하도록 하겠습니다.
참석자 3 : 이상으로 어 북부장애인 종합복지관 보고를 마치겠습니다. 감사합니다."
서울특별시 기금운용계획안 회의,20191204,4,"참석자 1 : 다음은 질의답변을 진행하도록 하겠습니다 질의답변 시간은 간담회에서 논의한 바와 같이 위원님 한 분당 기본 10분으로 하고 필요 시 5분을 추가하는 것으로 하겠으며
참석자 1 : 보충질의는 기본질의를 모두 마친 후에 5분을 하는 것으로 하겠습니다 위원님들께서는 집행부 측 천장과 위원장석 오른편에 있는 타이머에
참석자 1 : 남은 시간이 표시되니 참고하시고 시간을 지켜주시기 바랍니다 답변에 임하는 집행부 공무원들께서는 위원님들의 질의에 대하여 성실하게
참석자 1 : 답변해 주시고 질의답변 과정에서 위원님들의 자료 제출 요구가 있는 경우에는 회의 일정을 감안하여 신속하게 제출하여 회의가 원만히 진행될 수 있도록
참석자 1 : 적극 협조해 주시기 바랍니다 질의에 앞서 자리하실 자료를 요구하실 위원께서는 말씀해 주시기 바랍니다 안 계십니까?
참석자 2 : 네 우리 감사 어 감사위원장님 나와 계시죠?
참석자 2 : 감사위원장님 얼마 전에 우리 교통공사 내진 관련 그 감사 보고 다 끝났죠?
참석자 3 : 그렇습니다.
참석자 2 : 네 그 감사보고서 제출해 주시기 바라겠습니다
참석자 3 : 저희가 인제 감사 결과 보고를 하면
참석자 2 : 네네.
참석자 3 : 통상적으로 재심 기간을 한 달을 둡니다 그래서 그 재심 기간이 이제 들어오지 않으면 저희가 그 감사결과를 공개를 할 수 있거든요.
참석자 2 : 이미 그 통보된 걸로 알고 있습니다.
참석자 3 : 아니 그니까 그 해당 기관에 통보는 하는데 그게 아직 그 재심 기간이 한 달이 남아있기 때문에 재심이 확정이 안 됐다는 말씀을 드리는 겁니다.
참석자 3 : 그래서 인제 아직 유동적일 수 있다 그런 말씀을 드리는 겁니다.
참석자 2 : 그러면 그 이거 확정까지 기다려야 됩니까?
참석자 3 : 예 저희가 이제 감사 결과를 시행을 한 건 맞습니다 위원님.
참석자 2 : 예 그러면은 그 지금 결과가 이미 당사자한테 통보됐고 지금 이제 기관으로 통보가 됐습니다 근데 아직까지도 그거를 한 달 정도를
참석자 2 : 기다려야 된다는 얘기는 좀 잘못된 것 같고요 그러면은 아 유선으로 찾아오셔가지고 방문하셔가지고 그 별도로 좀 보고해 주시기 바라겠습니다.
참석자 3 : 그렇게 하겠습니다.
참석자 2 : 네.
참석자 1 : 네 수고하셨습니다 또 자료 보고 하실 의원님 계십니까 안 계십니까 더 이상 자료 요구하실 위원님이 안 계시므로 질의 답변을 진행하도록 하겠습니다.
참석자 2 : 위원장님 의사진행발언 하겠습니다.
참석자 1 : 네.
참석자 2 : 수석 전문위원회의 그 검토보고를 듣고 1000만 서울시민의 어 돈 살림이 진짜 엉망이나 하는 생각이 듭니다.
참석자 2 : 우리 도대체 어떤 판단에로 기금 운용계획안의 1개의 계정을 송두리째 빼놓고 우리 의회에 기금 운용계획안을 심사해 달라고 제출할 수 있습니까?
참석자 2 : 수석전문위원이 완곡한 표현으로 보고했지만 이는 엄연히 지방기금법 위반이고 어 중기지방재정계획에 포함되지 않았다는 것을 지방재정법까지 위반한 것입니다.
참석자 2 : 그러다 보니 조례를 위반한 것은 그저 조례 따위라고 생각하는 것입니다 조례를 개정하지 않고 교 아 개정하고 그다음에 기금 폐지가 가능한데도
참석자 2 : 조례를 개정하지 않으면서도 기금 운용계획안이 제출하지 않았다는 것은 의회의 존재의 역할이 대단히 우습게 여긴 거라고 생각을 합니다.
참석자 2 : 지금 여기에 보시면은 이게 지금 시에서 준 이 기금운용계획안입니다 이거를 가지고서 우리 예결위 의원들한테 심의해 달라는 표현을 했지만은
참석자 2 : 저는 상당히 이거는 잘못됐다고 지금 생각을 합니다 게다가 재정투융 어 자기금에서도 특별회계로 전출한 것이 있어서 서로 67억 원이나 불일치한다고 수석전문위원이 보고를 했습니다.
참석자 2 : 재정투 어 투융자금 어 자금은 기획조정실에서 관리하는 자금 아닙니까 게다가 계산기도 안 두들겨보고 일을 합니까?
참석자 2 : 그런 기조실의 예산에 대해 사전절차나 사전심의 제대로 했다고 믿을 수가 있겠습니까 수석전문위의 검토를 보면 300페이지가 전부
참석자 2 : 서울시가 잘못 편성한 사례로 지적되어 있습니다 도대체 우리 예결위가 무엇을 심사하고 무엇을 하란 말입니까 조례는 고사하고 지방기금법 지방재정법까지 위반하고 있는데
참석자 2 : 의회를 경시하는 태도를 지적한다고 생각 마시고 조례와 법을 위반한 사항 그리고 직원들에 대한 지휘감독을 소홀히 한 부분에 대해 서울시장으로부터
참석자 2 : 공식적인 사과가 있기 전까지 예산심의 진행한 것은 우리 예결위가 예산의 파수꾼으로서 책임을 소홀히 하는 행동이라고 할 수 있습니다 예결위원장님께 정회를 요청하겠습니다.
참석자 1 : 예 또
참석자 4 : 예 의사진행발언을 예 신청하겠습니다 이게 앞서 의사진행발언을 하신 위원님의 발언에 전적으로 동의를 하고요 그 본 의원도 이
참석자 4 : 기금운용계획안 검토를 하면서 이번에 제출된 예산안과 기금운용계획안 자체가 어떻게 예결특위에서 우리의 그 무슨 심의를 받겠다고 하는지
참석자 4 : 전 솔직히 한심하다라는 생각을 하고 있습니다 그 의원님께서도 말씀을 해 주셨듯이 기금 운용계획안에서 1개 계정 빼고
참석자 4 : 제출하는 것 자체도 이해를 할 수 없습니다 그런데 2020년도 그 지금 기금운용계획안 325페이지를 보게 되면요.
참석자 4 : 그 불과 2년 전에 운용을 시작한 그 중소기업육성기금 투자계정의 부채가 4980억으로 기재가 돼 있습니다.
참석자 4 : 이게 본 위원이 파악하고 있는 것보다 10배가 많아요 이게 이게 부채가 이게 과도하게 잡혀있으니까 순자산 이게 수치가 맞겠습니까 이게?
참석자 4 : 기조실장님 이게 맞습니까 아 지난번에 제가 또 세미나에서도 수치 부분에 대해서 지적을 한 바 있죠?
참석자 4 : 이게 얼마나 불성실하고 무책임합니까 이 제출된 기금운용계획안 이 수치를 저희가 신뢰를 할 수가 있겠습니까?
참석자 4 : 본 위원도 이거 진짜 넘어갈 수는 이대로 넘어갈 수는 없다고 생각을 하고요 그 서울시장으로부터 진정성 있는
참석자 4 : 예 공식적인 사과가 필요하다고 생각을 합니다 그래서 예결위원장님께 예 정회를 요청하는 바입니다.
참석자 4 : 위원 여러분께 양해 말씀 드리겠습니다 원만한 회의 진행을 위하여 잠시 정회를 선포합니다."
예산결산위원회 회의,20190328,3,"참석자 1 : 자 의석을 정돈하여 주시기 바랍니다.
참석자 1 : 성원이 되었으므로 예산결산특별위원회 제5차 회의를 개회하겠습니다.
참석자 1 : 오늘 회의에서는 2019년도 제1회 추가경정 예산안 및 기금운용계획안 심사결과 보고서를 채택하겠습니다.
참석자 1 : 오늘의 의사일정 제1항
참석자 1 : 2019년도 제1회 추가경정 예산안 및 기금운용계획안 심사결과 보고서 채택의 건을 상정하겠습니다.
참석자 1 : 본 위원회 간사이신 손석철 위원 나오셔서 보고하여 주시기 바랍니다.
참석자 2 : 예산결산특별위원회 간사 손석철 위원입니다.
참석자 2 : 지금부터 2019년도 제1회 추가경정 예산안 및 기금운용계획안에 대한 심사결과를 보고 드리겠습니다.
참석자 2 : 본예산에 대한 심사는 지난 3월 20일부터 3월 28일까지 본 위원 외 7명이
참석자 2 : 실과사업소별 예산안 설명을 청취하고 의견조정 등을 통해 심사한 결과를 보고 드리게 되었습니다.
참석자 2 : 다음은 2쪽 주요 심사 내용을 말씀드리면
참석자 2 : 세입 예산의 경우 세입재원별 수납 가능액의 적정한 예측 및 반영 여부
참석자 2 : 보조금 등 의존재원 수입 내시액의 적정한 반환 등을 중점 심사하였고
참석자 2 : 세출 예산안의 규모는 소모성 1회성 행정 경비 증액 여부 법적 근거 없는 예산의 반영 여부
참석자 2 : 신규 사업에 대한 예산 편성의 타당성 및 적법한 행정 절차 이행 여부 등을 심사하였습니다.
참석자 2 : 다음은 3쪽 예산 규모를 말씀 드리겠습니다.
참석자 2 : 세입 세출 예산 총액은 4875억 8326만 원입니다 이중 특별회계는
참석자 2 : 723억 4586만 6000원이 되겠습니다.
참석자 2 : 금번 추경은 2019년 당초 예산 대비 총 12.9퍼센트인
참석자 2 : 557억 9793만 2000원이 증액된 예산이 되겠습니다.
참석자 2 : 다음은 심사결과입니다 .
참석자 2 : 일반 및 특별회계 세입에 대하여는 군수가 제출한 원안대로 가결하기로 결정하였고
참석자 2 : 일반회계 세출 부분은 문화관광과 소관 송원호 생가터 조경공사 등
참석자 2 : 총 10건에 2억 3370만 원을 삭감하였으며
참석자 2 : 기술 지원과 소관 과수 국내육성 신품종 비교 전시포 조성 시범 재료 구입 등 총
참석자 2 : 2건에 7000만 원을 증액하였습니다.
참석자 2 : 일반회계 세출부문은 수정한 부분은 수정안대로 기타 부분은 군수가 제출한 원안대로 가결하기로 결정하였고
참석자 2 : 특별회계 세출부문 및 기금운용계획안은 군수가 제출한 원안대로 가결하기로 결정하였습니다.
참석자 3 : 다음은 심사소감입니다.
참석자 3 : 2019년도 제1회 추가경정예산안 및 기금운용계획안은
참석자 3 : 주요 현안사업의 원활한 추진과 주민 불편사항을 해소 그리고 당초 예산 편성 이후 변경내시 된 국도비 보조사업에 조정 및
참석자 3 : 서민생활 안정 주민의 복지증진 지역경제 활성화 사업을 중점 반영하여
참석자 3 : 군 재정을 효율적으로 운영하고자 편성하였다고 판단됩니다.
참석자 3 : 본 예산들이 편성 목적에 부합되도록 집행에 철저를 기하고
참석자 3 : 아울러 효과가 극대화될 수 있도록 사업추진에 만전을 기하여 주시길 바랍니다.
참석자 3 : 예산안과 함께 제출되는 세출 예산 사업설명서는 편성 목적 및
참석자 3 : 사업내용을 상세히 정리한 것으로 사업의 필요성 및 사업에 소요되는 예산등을 알 수 있는 중요한 자료입니다.
참석자 3 : 추후 사업설명서 작성 시 산출 근거 및 내용을 정확하게 구체적으로 작성하여 예산안 심사 시 혼란이 없도록 해줄 것을 당부드립니다.
참석자 3 : 추가경정예산은 지방재정법 제45조에 따라 당초 예산 성립 후 발생한 부득이한 사유로 인하여
참석자 3 : 예산을 변경할 필요가 있는 경우 최소화하여 편성하여야 하나 불가피한 사유가 아닌 사업이 일부 편성된 경우가 있었으며
참석자 3 : 또한 일부 국고보조사업의 경우 추가경정예산안 제출 전 교부결정이 되었음에도
참석자 3 : 추경예산안에 누락되어 수정예산안에 편성하는 사례가 있었습니다.
참석자 3 : 향후 예산편성 시에는 보다 면밀하고 빈틈없는 업무추진으로 신중을 기하여 주시길 바랍니다.
참석자 3 : 공영주차장 무인 정산기 관리 용역비 관련 예산심사 시
참석자 3 : 주차장요금 유료화에 대하여 위원들간 심도 있는 논의가 진행되었습니다.
참석자 3 : 주차장 요금 유료화에 대해서는 오래 전부터 논의된 내용으로 사업의 조속한 추진이 필요하다고 판단됩니다.
참석자 3 : 추후 집행부에서는 공영주차장 요금 유료화에 대하여 종합적인 계획을 수립하여 제출하여 주시고
참석자 3 : 업무추진에 철저를 기하여 주실 것을 당부드립니다 아울러 전문임기제 인건비에 대해서는
참석자 3 : 대외협력관 채용 후 기존 인력을 사업 부서에 재배치하여 주시기 바라며 추후 당초 계획했던 성과가 도출될 수 있도록
참석자 3 : 각별히 업무추진에 신경 써주시길 바랍니다.
참석자 3 : 또한 군민체육대회 읍면 출전 지원사업은 추후에 타 자치단체 지원 현황을 비교하고
참석자 3 : 주민의 의견을 충분히 수렴하여 사업 추진방향을 재검토해 주시길 당부드립니다.
참석자 3 : 과수 국내육성 신품종 비교 전시포 조성 시범 지원사업은 사업의 성과 및 목적달성을 위해서는
참석자 3 : 민간보조사업이 아닌 직접 추진하는 것이 타당하다고 사료되어 당초
참석자 3 : 편성과목인 재료비 및 시설비로 증액하는 것으로 결정하였는바
참석자 3 : 추후 업무추진에 만전을 기하여 주실 것을 바랍니다.
참석자 3 : 2019년도 제1회 추가경정예산안은 의회에서 심도있게 심사하여 승인한 예산인 만큼
참석자 3 : 집행부에서는 예산 승인 목적대로 합리적이고 적법하게 집행하여 건전 재정 운영을 통한 군민 복지증진과
참석자 3 : 삶의 질 향상에 기여하고 지역경제가 활성화될 수 있도록 최선의 노력을 경주하여 주시기 바랍니다.
참석자 3 : 아무쪼록 본 안건을 방금 설명드린 내용과 같이 제출된 원안대로 의결해 주실 것을 바라면서 보고를 마치겠습니다.
참석자 3 : 감사합니다.
참석자 1 : 예 본 안건에 대하여 질의하실 의원님 계시면 질의하여 주시기 바랍니다.
참석자 1 : 안 계십니까 예 손석철 위원님 수고 하셨습니다 자리로 돌아가 주시기 바랍니다.
참석자 1 : 질의할 위원님이 안 계시므로 질의 종결을 선포합니다.
참석자 1 : 의결에 앞서 지방자치법 제127조 제3항 지방의회는
참석자 1 : 지출예산 각 항의 금액을 증액하거나 새 비목을 설치할 경우에 지방자치단체장의 동의를 얻도록 되어 있는 바
참석자 1 : 사전에 군수로부터 증액되는 사업에 대하여 증액에 동의한다는 공문이 제출되었음을 알려드립니다.
참석자 1 : 그러면 본 안건을 방금 보고된 내용과 같이 수정한 부분은 수정안대로 기타 부분은 군수가 제출한 원안대로
참석자 1 : 의결하고자 하는데 이의 없으십니까?
참석자 1 : 예 이의가 없으므로 의사일정 제1항 2019년도 제1회 추가경정 예산안 및 기금운용계획안 심사결과 보고서
참석자 1 : 채택의 건은 수정한 부분은 수정안대로 기타 부분은 군수가 제출한 원안대로 가결되었음을 선포합니다.
참석자 1 : 방금 채택된 보고서는 잠시 후 개의되는 제3차 본회의에 보고토록 하겠습니다.
참석자 1 : 이상으로 예산결산특별위원회 의사일정을 모두 마치겠습니다.
참석자 1 : 위원 여러분 그리고 부군수를 비롯한 집행부 관계 공무원 여러분 수고하셨습니다 산회를 선포합니다."
찾동사업 질의답변 회의,20161118,3,"참석자 1 : 네 의석을 정돈하여 주시기 바랍니다.
참석자 1 : 지금부터 지방자치법 제41조 및 같은 법 시행령 제39조부터 52조까지 서울특별시 행정사무감사 및 조사에 관한 조례에 따라
참석자 1 : 서울 시립복지 재단 서울 50 플러스 재단 소관사항에 대한 2016년도 행정사무 감사 실시를 선언합니다.
참석자 1 : 이어서 업무 보고에 들어가도록 하겠습니다.
참석자 1 : 업무 보고는 2016년도 예산 및 주요 실적 위주로 핵심 내용만 간략하게 보고해 주시고 전체 업무 보고가 끝나면
참석자 1 : 이어서 일괄적으로 질의 답변 질의 답변에 들어가도록 하겠습니다.
참석자 1 : 그럼 서울 복지 재단 대표 나오셔서 간부 소개와 함께 업무 보고해 주시기 바랍니다.
참석자 2 : 안녕하십니까? 서울시 복지 재단 대표이사입니다.
참석자 2 : 고독사 실태 파악과 지원방안을 제시한 연구 등은 많은 시민과 언론의 주목을 받기도 하였습니다.
참석자 2 : 재단은 기존의 복지체계로는 해결이 어려운 복지사각지대를 해소하고 주민참여를 바탕으로 한 복지 거버넌스를 실현하기 위해 마을공동체 취향 복지관 지원 사업을 비롯한
참석자 2 : 여러 지역사회 조직화 활동을 지원하였으며 민간자원 개발과 나눔문화 활성화를 위한 다양한 사업을 전개하였습니다.
참석자 2 : 복지사업이 시민친화적인 동시에 효율적이고 투명하게 운영되기 위해서는 끊임없이 품질관리가 중요합니다.
참석자 2 : 재단은 서울형 평가인증 고도화 사업과 복지 전문 인력 역량 강화를 위한 각종 교육 프로그램을 통해 일선 현장을 지원했으며
참석자 2 : 공공복지전달 체계의 혁신적 모델인 찾아가는 동주민센터가 성공적으로 뿌리내릴 수 있도록 지원하였습니다.
참석자 2 : 서울금융복지 상담 센터의 지역센터를 13곳으로 늘려 1500여억 원의 채무조정을 지원하는 등 가계부채에 시달리는 서민의 채무 주치의 역할을 수행했으며
참석자 2 : 서울사회복지 공유법 센터를 통해서는 복지 법률상담 법률자문 공익 소송 등을 수행했습니다.
참석자 2 : 존경하는 위원님 여러분 우리 재단에 수행하고 있는 각종 연과 사업은 기본적으로 서울시민의 복지권 증진과 사회복지실천 현장의 지원을 위한 것입니다.
참석자 2 : 재단은 서울시의 복지정책이 우리나라의 사회복지를 선도할 수 있도록 서울시와 시의회와의 지속적이고 심도 깊은 정책 조회를 추진해나가도록 노력하겠습니다.
참석자 2 : 오늘 이 자리에서 재단의 소관 업무나 사업 계획 중 개선할 사항을 말씀해 주시거나 귀중한 조언을 주신다면 적극 반영하여 고쳐나가도록 하겠습니다.
참석자 2 : 위원님들의 아낌없는 지도와 격려를 재차 부탁드립니다.
참석자 2 : 업무 보고에 앞서 재단의 간부를 소개해 드리겠습니다.
참석자 2 : 복지 위원장의 전문 인력의 역량 강화를 위한 교육 정보 공유체계 마련 등을 추진해온 바 있으며 올해 시도했던 서울형 사회복지시설 시범평가는
참석자 2 : 3종 복지관 171개소를 대상으로 서울의 복지환경 특성을 반영한 사회복지시설 평가체계를 확립하고자 시도하였으며
참석자 2 : 향후 보건복지부의 평가를 개최하는 것과 관련하여 서울시가 현재 협의 중에 있습니다.
참석자 2 : 공공복지전달 체계 혁신을 위한 찾아가는 동주민센터 추진지원사업은 올해 1단계에서 3단계까지를 연결하는 중요한 시기입니다.
참석자 2 : 재단은 싱크탱크 및 현장지원 등 지원단으로서의 역할을 수행해왔으며 찾동사업이 지속 가능한 시스템으로 안착할 수 있도록
참석자 2 : 자치구 그리고 현장과 논의하며 특히 민관의 협력과 소통 증진의 측면에서 노력하고자 합니다.
참석자 2 : 서울시 사회복지서 어 서울시 사회서비스 분야 공공성 강화 방안 연구결과로 수행하고 있는 서울시 재가장기요양 시범사업을 통해
참석자 2 : 장기요양 서비스가 서울시민들에게 더 좋은 품질의 서비스로 연결될 수 있는 공공성 증진을 지속적으로 모색하고자 합니다.
참석자 2 : 63쪽 네 번째로 공공성 기반 특화 서비스입니다.
참석자 2 : 총 5개 사업을 추진하고 있으며 기존의 복지현장에선 아직 다루기 어려운 분야의 복지사업들을 서울시 복지 재단이 선도적으로 수행하면서 인큐베이팅 하고자 하는 사업입니다.
참석자 2 : 공공성이 요구되는 복지분야에서 직접 서비스를 개발하여 선제적으로 지원함으로써 그 성과를 정책화하거나 민간으로 확대하고자 합니다.
참석자 2 : 변화하는 복지욕구 다양화에 맞추어 복지사업에 지평을 넓히고 현대화하는 사업입니다.
참석자 2 : 63쪽 이하에서 보시는 바와 같이 서민들에게 큰 복지욕구로 부각되는 금융 문제에 대응해서 서울금융복지 상담센터의 운영
참석자 2 : 법과 복지 서비스를 결합하는 서울사회복지 공유법 센터의 운영
참석자 2 : 저소득층의 자산 형성을 지원하는 통장 사업을 운영하고 있습니다.
참석자 2 : 또한 장애인을 대상으로 거주시설보다는 지역사회에서 함께 서울시민으로서 통합적으로 생활하도록 지원하는 장애인 전환 서비스 지원 장애인 가족지원 사업을 진행하고 있습니다.
참석자 2 : 이상 대략적인 업무 보고를 마치겠습니다. 감사합니다.
참석자 1 : 수고하셨습니다.
참석자 1 : 다음은 서울 50 플러스 재단 대표 나오셔서 간부 소개와 함께 업무 보고해 주시기 바랍니다.
참석자 3 : 오늘 어 제271회 정례회를 맞이하여 여러 보건복지위원회 위원님들께 올해
참석자 3 : 저희 서울 50 플러스 재단의 주요 사업에 대해 보고를 드리고 고견을 듣게 되어 매우 뜻깊게 생각합니다
참석자 3 : 다섯 번째 지표인 50 플러스 정보 센터는 12월 마포에 조성되는 도심 캠퍼스 1층에 오프라인 공간이 조성될 예정입니다.
참석자 3 : 따라서 이것에 관한 사업이 좀 지연되고 있습니다.
참석자 3 : 열 번째 교육 및 상담 중 학기별 교육 참가자는 당초 목표인 10000명에 못 미치고 있는 데 이것은 서부캠퍼스의 수용 범위에 제한도 있지만
참석자 3 : 도심 캠퍼스 개관 지연으로 인한 어 상황입니다.
참석자 3 : 어 그리고 이제 세 번째는 저희 재단 사업을 더욱 공고히 하기 위해서 협력 시스템을 구축하고자 하고 있습니다.
참석자 3 : 그래서 어 협력 대상은 여러 기관과 지금 협약을 맺고 하고 있는데 어 여러분 자료에 15쪽 아래 협력 약정을 맺는
참석자 3 : 어 기관들이 있으니 참고해 주시기 바랍니다.
참석자 3 : 그러면 이상으로 업무 보고를 저희가 간략하게 마치고 앞에서 말씀드린 바와 같이 정관 개정사항에 관한 보고를 드리겠습니다.
참석자 3 : 서울특별시 50 플러스 재단 설립 및 운영에 관한 조례 제7조 2항에 의거하여 정관 개정 시에는 사전에 소관 상임위원회에 보고 하도록 되어있어
참석자 3 : 개정 예정사항을 보고드립니다.
참석자 3 : 어 그 자료는 별지에 저희가 아 준비되어 있습니다.
참석자 3 : 정관 개정사항은 1건입니다.
참석자 3 : 서울시 출자출연기관 운영 관련 제도 개선 계획에 따른 개정사항으로 기획조정실 간부 공무원이 당연직 이사로 참여하는 어 아닙니다.
참석자 3 : 기획조정실 간부 공무원의 참여를 통해 서울시 출자출연기관에 대한 총괄 관리 감독 기능을 강화하기 위한 목적으로 개정하게 되었습니다.
참석자 3 : 이상으로 정관 개정안 보고를 마칩니다.
참석자 3 : 아 모두에 말씀드렸듯이 저희 재단이 이제 설립한지 어 200여일이 지났습니다.
참석자 3 : 그래서 어 2개의 캠퍼스를 오픈하고 이를 위한 프로그램과 운영 시스템을 마련하다 보니 어 사실 여러모로 어려운 점이 정말 많았습니다.
참석자 3 : 그렇지만 재단이 빠른 기간 내에 안정화되고 활성화될 수 있도록 최선의 노력을 기울이겠습니다.
참석자 3 : 이상으로 서울 50 플러스 재단 업무 보고를 마치겠습니다.
참석자 1 : 수고하셨습니다."
학교 지키미 회의,20170905,5,"참석자 1 : 자 의석을 정돈해 주시기 바랍니다 성원이 되었으므로 서울특별시의회 제276회 임시회 예산결산특별위원회 제2차 회의를 개의하겠습니다.
참석자 1 : 안녕하십니까 선배 동료 의원 여러분 그리고 교육청 공무원 여러분.
참석자 1 : 추경예산안 준비와 심사에 수고가 많으십니다 특히 이번 추경안 심사를 위하여 바쁘신 일정 가운데 참석해 주신 위원님들께 진심으로 감사드립니다.
참석자 1 : 그러면 의사일정 제1항 2017년도 제2회 서울특별시 교육비 특별회계 추가경정예산안을 상정합니다.
참석자 1 : 지금부터 추경안에 대해 의결을 진행하겠습니다 우리 위원회에서는 한정된 의사일정 일정 가운데서도 조정과정을 거치고 간담회를 통해 논의한 바와 같이
참석자 1 : 교육감이 제출한 2017년도 제2회 서울특별시 교육비 특별회계 추가경정예산안에 대하여 위원님들의 의견을 모아
참석자 1 : 교육위원회의 예비심사 결과를 존중하고 일부를 조정하여 수정동의안을 발의하기로 하였습니다.
참석자 1 : 그러면 수정동의안을 발의해 주시기 바랍니다.
참석자 2 : 2017년도 제2회 서울특별시 교육비 특별회계 추가경정예산안에 대한 수정동의안을 제안드리겠습니다.
참석자 2 : 우리 예산결산특별위원회는 교육위원회 예비심사 결과를 존중하면서
참석자 2 : 여러 위원님들께서 질의하시고 지적하신 주요사항과 건의내용에 대해 꼼꼼하게 검토하였습니다.
참석자 2 : 그 결과 우리 예결위원회에서는 한정된 재원이 효율적으로 쓰일 수 있도록 합리적인 조정과 선택을 통해
참석자 2 : 시급성이나 효과성을 고려하여 수정안을 발의하기로 의견을 모았습니다.
참석자 2 : 수정된 2017년도 제2회 서울특별시 교육비 특별회계 추가경정예산안의 총 규모는 9조 4408억 원으로
참석자 2 : 당초 교육감이 제출한 예산안 규모와 갖습니다만 사업별 조정을 통해 137억 원을 감액하고 137억 원을 같은 금액을 증액하였습니다.
참석자 2 : 수정안의 주요 내용을 간략히 말씀드리면 교육위원회 예비심사 결과와 같이 중앙투자심사 공유재산 관리 계획 심의 등 예산편성 전
참석자 2 : 사전 절차를 거치지 않은 사업 및 외부재원으로 기 지원된 도곡중 체육관 증축사업 등 총 137억 원을 감액하여
참석자 2 : 노원구 소재 꿈동산 유치원 폐원에 따라 270여 명의 유아들에 대한 학습권을 보장할 필요가 있어
참석자 2 : 상경초 병설유치원 등 3개 병설유치원에 긴급히 8학급을 증설하는 등 학교 교육여건 개선을 위해 137억 원을 증액 조정한 것입니다.
참석자 2 : 자세한 내용은 배부해드린 유인물을 참고하여 주시기 바라며 아무쪼록 심사조정한 수정안에 대하여 만장일치로 동의하여 주실 것을 부탁드리겠습니다 감사합니다.
참석자 1 : 동의안에 대해 재청 있으십니까?
참석자 1 : 네 재청이 있으므로 서윤기 부위원장님의 수정동의안은 의제로 성립되었음을 선포합니다.
참석자 1 : 의결에 앞서서 지방자치법 제127조 제3항에 따라 지출예산 각 항의 금액을 증가하거나 새로운 비용 항목을 설치할 경우에는 교육감의 동의가 필요합니다.
참석자 1 : 교육감을 대리하여 기획조정실장이 나오셔서 2017년도 제2회 서울특별시 교육비 특별회계 추가경정예산안 수정안에 대하여 동의 여부를 말씀해 주시기 바랍니다.
참석자 3 : 예 동의합니다.
참석자 1 : 네 집행부에서 수정안에 대해 동의하셨습니다.
참석자 1 : 그러면 의사일정 제1항 2017년도 제2회 서울특별시 교육비 특별회계 추가경정예산안 수정안에 대하여 수정된 부분은 수정안대로
참석자 1 : 그 외 부분은 원안대로 의결하고자 하는데 위원님 여러분 이의 없으십니까?
참석자 1 : 이의가 없으므로 2017년도 제2회 서울특별시 교육비 특별회계 추가경정예산안 수정안을 가결되었음을 선포합니다.
참석자 1 : 모두들 수고 많이 하셨습니다 교육청에서는 오늘 우리 위원회에서 의결한 추경안을 시의적절하고 내실 있게 운영하여
참석자 1 : 교육환경을 개선하고 양질의 교육이 제공될수 있도록 아 예예 최선을 다해 주시기 바랍니다.
참석자 1 : 의사진행발언 해 주시기 바랍니다.
참석자 4 : 에 의사진행 발언이라기 보다도 어제 제가 참석을 못해서 얘기를 못 했습니다마는
참석자 4 : 에 우리 지금 교육청에서 쓰고있는 그 도우미 있죠 도우미.
참석자 4 : 중학교 고등학교 실장님
참석자 3 : 예.
참석자 4 : 도우미 알고 계십니까?
참석자 3 : 아 잘은 모릅니다마는 한번 알아보겠습니다.
참석자 3 : 어떤 도우미?
참석자 4 : 학교에서 지금 그 이 저 도우미로 쓰고있는 그 1학교당 2명씩 쓰고있는 도우미를 모르셔요?
참석자 4 : 누가 아시는 분?
참석자 3 : 행정실무사라고 하는데요 예예 예산담당관님으로 하여금
참석자 5 : 예산담당관 황윤택입니다.
참석자 4 : 예 그 도우미 잘 알고 계시죠?
참석자 5 : 예예 알고 있습니다.
참석자 4 : 그런 거기 각 학교마다 지금 그 고등학교 2명 중학교 2명씩 지금 쓰고 있죠?
참석자 5 : 예예 아니 그 규모별로 좀 다릅니다 학교 저 규모별로.
참석자 4 : 그런데
참석자 5 : 예예.
참석자 4 : 그 지금 일비를 얼마 주시는 걸로 알고 계십니까 수당을?
참석자 5 : 저희들이
참석자 4 : 80만 원 주는 걸로 제가 알고 있는데
참석자 5 : 80만 원 가량 될 겁니다.
참석자 4 : 월 80만 원 주는 걸로 알고 있는데
참석자 5 : 예예.
참석자 4 : 예?
참석자 5 : 예예.
참석자 4 : 그런데
참석자 5 : 예.
참석자 4 : 같은 똑같이 그 초등학교 서고 있는 저거 있잖아요 보안관.
참석자 5 : 아 지금 보안관 말씀
참석자 4 : 아니아니 보안관은 여러분들 소관이 아니고 서울시 소관이고
참석자 5 : 예 저희 지키미라고 부릅니다.
참석자 4 : 지킴이 소관은 교육청 소관인데
참석자 5 : 맞습니다.
참석자 4 : 그 똑같이 일하는 조건에서
참석자 5 : 예.
참석자 4 : 돈이 80만 원 받고 130만 원 받으면 이게 형편이 맞겠습니까 안 맞겠습니까?
참석자 5 : 저희들이 뭐 계속 그런 요구들이 있고요 저희들이 내부적으로 뭐 검토를 해 보겠는데요 실제로는 저희들이 처음 시작 단계부터 달랐고요.
참석자 5 : 그리고 저희들은 대부분 퇴직하신 교원님들이거든요 그 지키미가.
참석자 5 : 그렇기 때문에 이미 연금을 받고 있는 분들이고 그 형평성 문제가 좀 있습니다 저희들이 실제로 굉장히 검토를 하고 있습니다 그 부분에 대해서는.
참석자 4 : 아니야 저기 저 지금 잘못 알고 계셔 무슨 저기 저 퇴직하신 분들이 그걸 해요?
참석자 5 : 아니
참석자 4 : 그 지역에 지금 좀 뭐랄까 좀
참석자 5 : 예.
참석자 4 : 소일거리로 하고 계신 분들이 계시는데
참석자 5 : 예예.
참석자 4 : 처음에는 막상 그렇게 들어갔다가 지금은 그게 그 저 보안관하고 비교를 하니까 똑같은 일을 하고 예 임금 격차가 차이가 나니까
참석자 4 : 이분들이 불평불만이 많은 것 아닙니까?
참석자 4 : 그러면 이걸 어떻게 앞으로 시정하실 겁니까?
참석자 3 : 제가 제가 답변을 드리겠습니다.
참석자 3 : 지금 잘 아시는 것처럼 그 비정규직 그리고 무기계약직의 그 처우라든가 임금 인상이라든가라고 하는 부분에 대해서는
참석자 3 : 저희들도 이 준비를 하고 있습니다마는 교육부에서도 전국 공통으로 하는 직종이 있고 서울시 교육청에서만 있는 그런 직종들이 있습니다 그리고
참석자 3 : 아시는 것처럼 전부 노조가 구성이 돼서 노조하고 하고 이 임금이라든지 그 처우개선 부분이 단체교섭 사항입니다 그래서
참석자 3 : 저희가 이 자리에서 그 부분들을 어떻게 하겠다라고 단정적으로 말씀드리기는 굉장히 어려운 부분입니다.
참석자 3 : 그것을 좀 양해를 해 주셨으면 합니다.
참석자 5 : 이거는 지금 최저 임금에도 좀 걸리지 않습니까?
참석자 3 : 그 부분까지 포함을 해서 저희가 이제 초단기 근로자 단기 근로자에 대해서는 생활 임금을 적용하겠다라고 해서 금년 10월에
참석자 3 : 시간당 임금을 10000 원으로 하겠다라고 지난번에 교육감께서 발표를 하셨습니다.
참석자 3 : 그 부분에 해당되는지도 저희가 판단을 할 필요가 있습니다.
참석자 5 : 그런데 처음에 설립할 때는 좋았는데 그분들도 인자 물론 자기들이 뭐 일자리가 없으니까 이렇게 해주는 게 좋았는데 지금 와서 하다 보니까
참석자 5 : 도우미하고 비교가 된단 말이에요.
참석자 3 : 예 의원님께서 말씀하신 취지를
참석자 5 : 예.
참석자 3 : 잘 알겠습니다 저희가 한번 살펴보도록 하겠습니다.
참석자 5 : 이 계획을 수립해서 본 의원한테 자료를 좀 주세요.
참석자 3 : 예.
참석자 5 : 그리고 이거는 길게 갈 문제가 아니에요 차라리 저기를 없애든가 도우미를 없애든가 어?
참석자 5 : 안 그러면 임금의 현실화 시켜주든가 해야지 이것은 있을 수 없는 일 아닙니까 이게?
참석자 3 : 검토를 하겠습니다 예.
참석자 5 : 예 이상입니다.
참석자 1 : 네 자 그러면 어 마지막으로 지난 1년 간 예산과 결산 그리고 추경 등의 심사과정에서 수고하여 주시고 협조를 아끼지 않으신
참석자 1 : 우리 예결위원님들과 집행부 관계 공무원 여러분께 다시 한번 진심으로 감사를 드립니다.
참석자 1 : 이상으로 서울특별시의회 제276회 임시회 예산결산특별위원회 회의를 모두 마치겠습니다 산회를 선포합니다."
